module,resource_key,arabic_name,english_name,current_route,current_status,target_classification,target_parent_or_resource,remain_navigable,own_persistence,priority,reason
core,core_erp_general_settings,"الإعدادات العامة للنظام","ERP General Settings","/admin/core/erp-general-settings [admin.core.erp-general-settings.index]",UI_SHELL_ONLY_EMPTY_DATASET,MERGE_INTO_PARENT,"ERP Settings",false,false,P1,"Subordinate data for ERP Settings; keep it as a tab, repeater, relationship, or child collection instead of a menu CRUD."
core,core_company_operational_settings,"إعدادات تشغيل الشركة","Company Operational Settings","/admin/core/company-operational-settings [admin.core.company-operational-settings.index]",UI_SHELL_ONLY_EMPTY_DATASET,MERGE_INTO_PARENT,"ERP Settings",false,false,P1,"Subordinate data for ERP Settings; keep it as a tab, repeater, relationship, or child collection instead of a menu CRUD."
core,core_branch_operational_settings,"إعدادات تشغيل الفرع","Branch Operational Settings","/admin/core/branch-operational-settings [admin.core.branch-operational-settings.index]",UI_SHELL_ONLY_EMPTY_DATASET,MERGE_INTO_PARENT,"ERP Settings",false,false,P1,"Subordinate data for ERP Settings; keep it as a tab, repeater, relationship, or child collection instead of a menu CRUD."
core,core_financial_period_control,"التحكم في الفترات المالية","Financial Period Control","/admin/core/financial-period-control [admin.core.financial-period-control.index]",UI_SHELL_ONLY_EMPTY_DATASET,MERGE_INTO_PARENT,"ERP Settings",false,false,P1,"Subordinate data for ERP Settings; keep it as a tab, repeater, relationship, or child collection instead of a menu CRUD."
core,core_document_sequence_definitions,"تعريفات تسلسل المستندات","Document Sequence Definitions","/admin/core/document-sequence-definitions [admin.core.document-sequence-definitions.index]",UI_SHELL_ONLY_EMPTY_DATASET,DUPLICATE,"Existing per-resource document number settings",false,false,P1,"Responsibility is canonically owned by Existing per-resource document number settings; a second resource would split traceability and permissions."
core,core_numbering_policies,"سياسات الترقيم","Numbering Policies","/admin/core/numbering-policies [admin.core.numbering-policies.index]",UI_SHELL_ONLY_EMPTY_DATASET,DUPLICATE,"Existing per-resource document number settings",false,false,P1,"Responsibility is canonically owned by Existing per-resource document number settings; a second resource would split traceability and permissions."
core,core_status_definitions,"تعريفات الحالات","Status Definitions","/admin/core/status-definitions [admin.core.status-definitions.index]",UI_SHELL_ONLY_EMPTY_DATASET,FUTURE_BACKLOG,"Configurable workflow foundation",false,true,P2,"Plausible ERP capability, but not confirmed for the immediate Plastic Factory execution path and not implemented beyond shell metadata."
core,core_status_transition_rules,"قواعد انتقال الحالات","Status Transition Rules","/admin/core/status-transition-rules [admin.core.status-transition-rules.index]",UI_SHELL_ONLY_EMPTY_DATASET,FUTURE_BACKLOG,"Configurable workflow foundation",false,true,P2,"Plausible ERP capability, but not confirmed for the immediate Plastic Factory execution path and not implemented beyond shell metadata."
core,core_approval_workflow_definitions,"تعريفات مسارات الاعتماد","Approval Workflow Definitions","/admin/core/approval-workflow-definitions [admin.core.approval-workflow-definitions.index]",UI_SHELL_ONLY_EMPTY_DATASET,FUTURE_BACKLOG,"Configurable workflow foundation",false,true,P2,"Plausible ERP capability, but not confirmed for the immediate Plastic Factory execution path and not implemented beyond shell metadata."
core,core_notification_rules,"قواعد الإشعارات","Notification Rules","/admin/core/notification-rules [admin.core.notification-rules.index]",UI_SHELL_ONLY_EMPTY_DATASET,FUTURE_BACKLOG,"Configurable workflow foundation",false,true,P2,"Plausible ERP capability, but not confirmed for the immediate Plastic Factory execution path and not implemented beyond shell metadata."
core,core_attachment_categories,"تصنيفات المرفقات","Attachment Categories","/admin/core/attachment-categories [admin.core.attachment-categories.index]",UI_SHELL_ONLY_EMPTY_DATASET,FUTURE_BACKLOG,"Configurable workflow foundation",false,true,P2,"Plausible ERP capability, but not confirmed for the immediate Plastic Factory execution path and not implemented beyond shell metadata."
core,core_document_templates,"قوالب المستندات","Document Templates","/admin/core/document-templates [admin.core.document-templates.index]",UI_SHELL_ONLY_EMPTY_DATASET,FUTURE_BACKLOG,"Configurable workflow foundation",false,true,P2,"Plausible ERP capability, but not confirmed for the immediate Plastic Factory execution path and not implemented beyond shell metadata."
core,core_print_templates,"قوالب الطباعة","Print Templates","/admin/core/print-templates [admin.core.print-templates.index]",UI_SHELL_ONLY_EMPTY_DATASET,FUTURE_BACKLOG,"Configurable workflow foundation",false,true,P2,"Plausible ERP capability, but not confirmed for the immediate Plastic Factory execution path and not implemented beyond shell metadata."
core,core_tax_definitions,"تعريفات الضرائب","Tax Definitions","/admin/core/tax-definitions [admin.core.tax-definitions.index]",UI_SHELL_ONLY_EMPTY_DATASET,KEEP_STANDALONE,"Commercial policy masters",true,true,P1,"Independent master, transaction, planning workspace, or controlled document required by the target responsibility."
core,core_currency_rate_policies,"سياسات أسعار العملات","Currency Rate Policies","/admin/core/currency-rate-policies [admin.core.currency-rate-policies.index]",UI_SHELL_ONLY_EMPTY_DATASET,MERGE_INTO_PARENT,"ERP Settings",false,false,P1,"Subordinate data for ERP Settings; keep it as a tab, repeater, relationship, or child collection instead of a menu CRUD."
core,core_payment_terms,"شروط السداد","Payment Terms","/admin/core/payment-terms [admin.core.payment-terms.index]",UI_SHELL_ONLY_EMPTY_DATASET,KEEP_STANDALONE,"Commercial policy masters",true,true,P1,"Independent master, transaction, planning workspace, or controlled document required by the target responsibility."
core,core_delivery_terms,"شروط التسليم","Delivery Terms","/admin/core/delivery-terms [admin.core.delivery-terms.index]",UI_SHELL_ONLY_EMPTY_DATASET,KEEP_STANDALONE,"Commercial policy masters",true,true,P1,"Independent master, transaction, planning workspace, or controlled document required by the target responsibility."
core,core_warranty_terms,"شروط الضمان","Warranty Terms","/admin/core/warranty-terms [admin.core.warranty-terms.index]",UI_SHELL_ONLY_EMPTY_DATASET,KEEP_STANDALONE,"Commercial policy masters",true,true,P1,"Independent master, transaction, planning workspace, or controlled document required by the target responsibility."
core,core_units_conversion_policies,"سياسات الوحدات والتحويل","Units and Conversion Policies","/admin/core/units-conversion-policies [admin.core.units-conversion-policies.index]",UI_SHELL_ONLY_EMPTY_DATASET,MERGE_INTO_PARENT,"ERP Settings",false,false,P1,"Subordinate data for ERP Settings; keep it as a tab, repeater, relationship, or child collection instead of a menu CRUD."
core,core_product_classification_settings,"إعدادات تصنيف المنتجات","Product Classification Settings","/admin/core/product-classification-settings [admin.core.product-classification-settings.index]",UI_SHELL_ONLY_EMPTY_DATASET,MERGE_INTO_PARENT,"ERP Settings",false,false,P1,"Subordinate data for ERP Settings; keep it as a tab, repeater, relationship, or child collection instead of a menu CRUD."
core,core_warehouse_policies,"سياسات المخازن","Warehouse Policies","/admin/core/warehouse-policies [admin.core.warehouse-policies.index]",UI_SHELL_ONLY_EMPTY_DATASET,MERGE_INTO_PARENT,"ERP Settings",false,false,P1,"Subordinate data for ERP Settings; keep it as a tab, repeater, relationship, or child collection instead of a menu CRUD."
core,core_production_policies,"سياسات الإنتاج","Production Policies","/admin/core/production-policies [admin.core.production-policies.index]",UI_SHELL_ONLY_EMPTY_DATASET,MERGE_INTO_PARENT,"ERP Settings",false,false,P1,"Subordinate data for ERP Settings; keep it as a tab, repeater, relationship, or child collection instead of a menu CRUD."
core,core_quality_policies,"سياسات الجودة","Quality Policies","/admin/core/quality-policies [admin.core.quality-policies.index]",UI_SHELL_ONLY_EMPTY_DATASET,MERGE_INTO_PARENT,"ERP Settings",false,false,P1,"Subordinate data for ERP Settings; keep it as a tab, repeater, relationship, or child collection instead of a menu CRUD."
core,core_maintenance_policies,"سياسات الصيانة","Maintenance Policies","/admin/core/maintenance-policies [admin.core.maintenance-policies.index]",UI_SHELL_ONLY_EMPTY_DATASET,MERGE_INTO_PARENT,"ERP Settings",false,false,P1,"Subordinate data for ERP Settings; keep it as a tab, repeater, relationship, or child collection instead of a menu CRUD."
product_data,product_data_product_types,"أنواع المنتجات","Product Types","/admin/product-data/product-types [admin.product-data.product-types.index]",UI_SHELL_ONLY_EMPTY_DATASET,MERGE_INTO_PARENT,"Product Master — classification",false,false,P1,"Subordinate data for Product Master — classification; keep it as a tab, repeater, relationship, or child collection instead of a menu CRUD."
product_data,product_data_raw_material_types,"أنواع الخامات","Raw Material Types","/admin/product-data/raw-material-types [admin.product-data.raw-material-types.index]",UI_SHELL_ONLY_EMPTY_DATASET,MERGE_INTO_PARENT,"Product Master — classification",false,false,P1,"Subordinate data for Product Master — classification; keep it as a tab, repeater, relationship, or child collection instead of a menu CRUD."
product_data,product_data_semi_finished_product_types,"أنواع المنتجات نصف المصنعة","Semi-Finished Product Types","/admin/product-data/semi-finished-product-types [admin.product-data.semi-finished-product-types.index]",UI_SHELL_ONLY_EMPTY_DATASET,MERGE_INTO_PARENT,"Product Master — classification",false,false,P1,"Subordinate data for Product Master — classification; keep it as a tab, repeater, relationship, or child collection instead of a menu CRUD."
product_data,product_data_finished_product_types,"أنواع المنتجات التامة","Finished Product Types","/admin/product-data/finished-product-types [admin.product-data.finished-product-types.index]",UI_SHELL_ONLY_EMPTY_DATASET,MERGE_INTO_PARENT,"Product Master — classification",false,false,P1,"Subordinate data for Product Master — classification; keep it as a tab, repeater, relationship, or child collection instead of a menu CRUD."
product_data,product_data_packaging_material_types,"أنواع مواد التعبئة","Packaging Material Types","/admin/product-data/packaging-material-types [admin.product-data.packaging-material-types.index]",UI_SHELL_ONLY_EMPTY_DATASET,MERGE_INTO_PARENT,"Product Master — classification",false,false,P1,"Subordinate data for Product Master — classification; keep it as a tab, repeater, relationship, or child collection instead of a menu CRUD."
product_data,product_data_service_types,"أنواع الخدمات","Service Types","/admin/product-data/service-types [admin.product-data.service-types.index]",UI_SHELL_ONLY_EMPTY_DATASET,MERGE_INTO_PARENT,"Product Master — classification",false,false,P1,"Subordinate data for Product Master — classification; keep it as a tab, repeater, relationship, or child collection instead of a menu CRUD."
product_data,product_data_product_families,"عائلات المنتجات","Product Families","/admin/product-data/product-families [admin.product-data.product-families.index]",UI_SHELL_ONLY_EMPTY_DATASET,FUTURE_BACKLOG,"Optional Product classification masters",false,true,P2,"Plausible ERP capability, but not confirmed for the immediate Plastic Factory execution path and not implemented beyond shell metadata."
product_data,product_data_product_brands,"العلامات التجارية للمنتجات","Product Brands","/admin/product-data/product-brands [admin.product-data.product-brands.index]",UI_SHELL_ONLY_EMPTY_DATASET,FUTURE_BACKLOG,"Optional Product classification masters",false,true,P2,"Plausible ERP capability, but not confirmed for the immediate Plastic Factory execution path and not implemented beyond shell metadata."
product_data,product_data_product_grades,"درجات المنتجات","Product Grades","/admin/product-data/product-grades [admin.product-data.product-grades.index]",UI_SHELL_ONLY_EMPTY_DATASET,FUTURE_BACKLOG,"Optional Product classification masters",false,true,P2,"Plausible ERP capability, but not confirmed for the immediate Plastic Factory execution path and not implemented beyond shell metadata."
product_data,product_data_product_specifications,"مواصفات المنتجات","Product Specifications","/admin/product-data/product-specifications [admin.product-data.product-specifications.index]",UI_SHELL_ONLY_EMPTY_DATASET,MERGE_INTO_PARENT,"Product Master — technical and document tabs",false,false,P0,"Subordinate data for Product Master — technical and document tabs; keep it as a tab, repeater, relationship, or child collection instead of a menu CRUD."
product_data,product_data_product_technical_properties,"الخصائص الفنية للمنتجات","Product Technical Properties","/admin/product-data/product-technical-properties [admin.product-data.product-technical-properties.index]",UI_SHELL_ONLY_EMPTY_DATASET,MERGE_INTO_PARENT,"Product Master — technical and document tabs",false,false,P0,"Subordinate data for Product Master — technical and document tabs; keep it as a tab, repeater, relationship, or child collection instead of a menu CRUD."
product_data,product_data_product_units,"وحدات المنتجات","Product Units","/admin/product-data/product-units [admin.product-data.product-units.index]",UI_SHELL_ONLY_EMPTY_DATASET,MERGE_INTO_PARENT,"Product Master — technical and document tabs",false,false,P0,"Subordinate data for Product Master — technical and document tabs; keep it as a tab, repeater, relationship, or child collection instead of a menu CRUD."
product_data,product_data_product_equivalent_units,"الوحدات المكافئة للمنتجات","Product Equivalent Units","/admin/product-data/product-equivalent-units [admin.product-data.product-equivalent-units.index]",UI_SHELL_ONLY_EMPTY_DATASET,MERGE_INTO_PARENT,"Product Master — technical and document tabs",false,false,P0,"Subordinate data for Product Master — technical and document tabs; keep it as a tab, repeater, relationship, or child collection instead of a menu CRUD."
product_data,product_data_product_barcodes,"باركود المنتجات","Product Barcodes","/admin/product-data/product-barcodes [admin.product-data.product-barcodes.index]",UI_SHELL_ONLY_EMPTY_DATASET,MERGE_INTO_PARENT,"Product Master — technical and document tabs",false,false,P0,"Subordinate data for Product Master — technical and document tabs; keep it as a tab, repeater, relationship, or child collection instead of a menu CRUD."
product_data,product_data_product_images,"صور المنتجات","Product Images","/admin/product-data/product-images [admin.product-data.product-images.index]",UI_SHELL_ONLY_EMPTY_DATASET,MERGE_INTO_PARENT,"Product Master — technical and document tabs",false,false,P0,"Subordinate data for Product Master — technical and document tabs; keep it as a tab, repeater, relationship, or child collection instead of a menu CRUD."
product_data,product_data_product_documents,"مستندات المنتجات","Product Documents","/admin/product-data/product-documents [admin.product-data.product-documents.index]",UI_SHELL_ONLY_EMPTY_DATASET,MERGE_INTO_PARENT,"Product Master — technical and document tabs",false,false,P0,"Subordinate data for Product Master — technical and document tabs; keep it as a tab, repeater, relationship, or child collection instead of a menu CRUD."
product_data,product_data_product_bom,"قائمة مكونات المنتج","Product BOM","/admin/product-data/product-bom [admin.product-data.product-bom.index]",UI_SHELL_ONLY_EMPTY_DATASET,MERGE_INTO_PARENT,"Product Master — versioned BOM/formula",false,false,P0,"Subordinate data for Product Master — versioned BOM/formula; keep it as a tab, repeater, relationship, or child collection instead of a menu CRUD."
product_data,product_data_product_routing,"مسار تشغيل المنتج","Product Routing","/admin/product-data/product-routing [admin.product-data.product-routing.index]",UI_SHELL_ONLY_EMPTY_DATASET,REWORK,"Product Master — routing/version tab",true,true,P1,"Valid responsibility, but the generic shell CRUD lacks the required lifecycle, source links, snapshots, scoping, and audit semantics."
product_data,product_data_product_packaging_definitions,"تعريفات تعبئة المنتج","Product Packaging Definitions","/admin/product-data/product-packaging-definitions [admin.product-data.product-packaging-definitions.index]",UI_SHELL_ONLY_EMPTY_DATASET,MERGE_INTO_PARENT,"Product Master — packaging definition",false,false,P0,"Subordinate data for Product Master — packaging definition; keep it as a tab, repeater, relationship, or child collection instead of a menu CRUD."
product_data,product_data_product_storage_requirements,"متطلبات تخزين المنتج","Product Storage Requirements","/admin/product-data/product-storage-requirements [admin.product-data.product-storage-requirements.index]",UI_SHELL_ONLY_EMPTY_DATASET,MERGE_INTO_PARENT,"Product Master — inventory policy",false,false,P1,"Subordinate data for Product Master — inventory policy; keep it as a tab, repeater, relationship, or child collection instead of a menu CRUD."
product_data,product_data_product_quality_specifications,"مواصفات جودة المنتج","Product Quality Specifications","/admin/product-data/product-quality-specifications [admin.product-data.product-quality-specifications.index]",UI_SHELL_ONLY_EMPTY_DATASET,MERGE_INTO_PARENT,"Product Master — quality specification / inspection plan",false,false,P0,"Subordinate data for Product Master — quality specification / inspection plan; keep it as a tab, repeater, relationship, or child collection instead of a menu CRUD."
product_data,product_data_product_reorder_policies,"سياسات إعادة طلب المنتج","Product Reorder Policies","/admin/product-data/product-reorder-policies [admin.product-data.product-reorder-policies.index]",UI_SHELL_ONLY_EMPTY_DATASET,MERGE_INTO_PARENT,"Product Master — inventory policy",false,false,P1,"Subordinate data for Product Master — inventory policy; keep it as a tab, repeater, relationship, or child collection instead of a menu CRUD."
product_data,product_data_product_safety_stock_policies,"سياسات مخزون الأمان للمنتج","Product Safety Stock Policies","/admin/product-data/product-safety-stock-policies [admin.product-data.product-safety-stock-policies.index]",UI_SHELL_ONLY_EMPTY_DATASET,MERGE_INTO_PARENT,"Product Master — inventory policy",false,false,P1,"Subordinate data for Product Master — inventory policy; keep it as a tab, repeater, relationship, or child collection instead of a menu CRUD."
product_data,product_data_product_batch_policies,"سياسات تشغيلات المنتج","Product Batch Policies","/admin/product-data/product-batch-policies [admin.product-data.product-batch-policies.index]",UI_SHELL_ONLY_EMPTY_DATASET,MERGE_INTO_PARENT,"Product Master — inventory policy",false,false,P1,"Subordinate data for Product Master — inventory policy; keep it as a tab, repeater, relationship, or child collection instead of a menu CRUD."
product_data,product_data_product_shelf_life_policies,"سياسات صلاحية المنتج","Product Shelf-Life Policies","/admin/product-data/product-shelf-life-policies [admin.product-data.product-shelf-life-policies.index]",UI_SHELL_ONLY_EMPTY_DATASET,MERGE_INTO_PARENT,"Product Master — inventory policy",false,false,P1,"Subordinate data for Product Master — inventory policy; keep it as a tab, repeater, relationship, or child collection instead of a menu CRUD."
product_data,product_data_mold_product_relationships,"علاقات الاسطمبة والمنتج","Mold / Product Relationships","/admin/product-data/mold-product-relationships [admin.product-data.mold-product-relationships.index]",UI_SHELL_ONLY_EMPTY_DATASET,MERGE_INTO_PARENT,"Machine / Mold / Product Compatibility",false,false,P0,"Subordinate data for Machine / Mold / Product Compatibility; keep it as a tab, repeater, relationship, or child collection instead of a menu CRUD."
product_data,product_data_machine_product_relationships,"علاقات الماكينة والمنتج","Machine / Product Relationships","/admin/product-data/machine-product-relationships [admin.product-data.machine-product-relationships.index]",UI_SHELL_ONLY_EMPTY_DATASET,MERGE_INTO_PARENT,"Machine / Mold / Product Compatibility",false,false,P0,"Subordinate data for Machine / Mold / Product Compatibility; keep it as a tab, repeater, relationship, or child collection instead of a menu CRUD."
product_data,product_data_raw_material_substitution_rules,"قواعد استبدال الخامات","Raw Material Substitution Rules","/admin/product-data/raw-material-substitution-rules [admin.product-data.raw-material-substitution-rules.index]",UI_SHELL_ONLY_EMPTY_DATASET,FUTURE_BACKLOG,"Material substitution policy",false,true,P2,"Plausible ERP capability, but not confirmed for the immediate Plastic Factory execution path and not implemented beyond shell metadata."
product_data,product_data_scrap_definitions,"تعريفات الهالك","Scrap Definitions","/admin/product-data/scrap-definitions [admin.product-data.scrap-definitions.index]",UI_SHELL_ONLY_EMPTY_DATASET,MERGE_INTO_PARENT,"Production loss reason setup",false,false,P1,"Subordinate data for Production loss reason setup; keep it as a tab, repeater, relationship, or child collection instead of a menu CRUD."
product_data,product_data_waste_definitions,"تعريفات الفاقد","Waste Definitions","/admin/product-data/waste-definitions [admin.product-data.waste-definitions.index]",UI_SHELL_ONLY_EMPTY_DATASET,MERGE_INTO_PARENT,"Production loss reason setup",false,false,P1,"Subordinate data for Production loss reason setup; keep it as a tab, repeater, relationship, or child collection instead of a menu CRUD."
sales,sales_leads,"العملاء المحتملون",Leads,"/admin/sales/leads [admin.sales.leads.index]",UI_SHELL_ONLY_EMPTY_DATASET,FUTURE_BACKLOG,"CRM workspace",false,true,P2,"Plausible ERP capability, but not confirmed for the immediate Plastic Factory execution path and not implemented beyond shell metadata."
sales,sales_opportunities,"الفرص البيعية",Opportunities,"/admin/sales/opportunities [admin.sales.opportunities.index]",UI_SHELL_ONLY_EMPTY_DATASET,FUTURE_BACKLOG,"CRM workspace",false,true,P2,"Plausible ERP capability, but not confirmed for the immediate Plastic Factory execution path and not implemented beyond shell metadata."
sales,sales_customer_inquiries,"استفسارات العملاء","Customer Inquiries","/admin/sales/customer-inquiries [admin.sales.customer-inquiries.index]",UI_SHELL_ONLY_EMPTY_DATASET,FUTURE_BACKLOG,"CRM workspace",false,true,P2,"Plausible ERP capability, but not confirmed for the immediate Plastic Factory execution path and not implemented beyond shell metadata."
sales,sales_customer_requests,"طلبات العملاء","Customer Requests","/admin/sales/customer-requests [admin.sales.customer-requests.index]",UI_SHELL_ONLY_EMPTY_DATASET,FUTURE_BACKLOG,"CRM workspace",false,true,P2,"Plausible ERP capability, but not confirmed for the immediate Plastic Factory execution path and not implemented beyond shell metadata."
sales,sales_customer_visits,"زيارات العملاء","Customer Visits","/admin/sales/customer-visits [admin.sales.customer-visits.index]",UI_SHELL_ONLY_EMPTY_DATASET,FUTURE_BACKLOG,"CRM workspace",false,true,P2,"Plausible ERP capability, but not confirmed for the immediate Plastic Factory execution path and not implemented beyond shell metadata."
sales,sales_customer_follow_ups,"متابعات العملاء","Customer Follow-ups","/admin/sales/customer-follow-ups [admin.sales.customer-follow-ups.index]",UI_SHELL_ONLY_EMPTY_DATASET,FUTURE_BACKLOG,"CRM workspace",false,true,P2,"Plausible ERP capability, but not confirmed for the immediate Plastic Factory execution path and not implemented beyond shell metadata."
sales,sales_customer_contacts,"جهات اتصال العملاء","Customer Contacts","/admin/sales/customer-contacts [admin.sales.customer-contacts.index]",UI_SHELL_ONLY_EMPTY_DATASET,MERGE_INTO_PARENT,"Customer Master",false,false,P1,"Subordinate data for Customer Master; keep it as a tab, repeater, relationship, or child collection instead of a menu CRUD."
sales,sales_customer_addresses,"عناوين العملاء","Customer Addresses","/admin/sales/customer-addresses [admin.sales.customer-addresses.index]",UI_SHELL_ONLY_EMPTY_DATASET,MERGE_INTO_PARENT,"Customer Master",false,false,P1,"Subordinate data for Customer Master; keep it as a tab, repeater, relationship, or child collection instead of a menu CRUD."
sales,sales_customer_sites,"مواقع العملاء","Customer Sites","/admin/sales/customer-sites [admin.sales.customer-sites.index]",UI_SHELL_ONLY_EMPTY_DATASET,MERGE_INTO_PARENT,"Customer Master",false,false,P1,"Subordinate data for Customer Master; keep it as a tab, repeater, relationship, or child collection instead of a menu CRUD."
sales,sales_customer_credit_limits,"حدود ائتمان العملاء","Customer Credit Limits","/admin/sales/customer-credit-limits [admin.sales.customer-credit-limits.index]",UI_SHELL_ONLY_EMPTY_DATASET,MERGE_INTO_PARENT,"Customer Commercial Agreement",false,false,P0,"Subordinate data for Customer Commercial Agreement; keep it as a tab, repeater, relationship, or child collection instead of a menu CRUD."
sales,sales_customer_price_lists,"قوائم أسعار العملاء","Customer Price Lists","/admin/sales/customer-price-lists [admin.sales.customer-price-lists.index]",UI_SHELL_ONLY_EMPTY_DATASET,MERGE_INTO_PARENT,"Customer Commercial Agreement",false,false,P0,"Subordinate data for Customer Commercial Agreement; keep it as a tab, repeater, relationship, or child collection instead of a menu CRUD."
sales,sales_customer_contracts,"عقود العملاء","Customer Contracts","/admin/sales/customer-contracts [admin.sales.customer-contracts.index]",UI_SHELL_ONLY_EMPTY_DATASET,MERGE_INTO_PARENT,"Customer Commercial Agreement",false,false,P0,"Subordinate data for Customer Commercial Agreement; keep it as a tab, repeater, relationship, or child collection instead of a menu CRUD."
sales,sales_customer_contract_amendments,"تعديلات عقود العملاء","Customer Contract Amendments","/admin/sales/customer-contract-amendments [admin.sales.customer-contract-amendments.index]",UI_SHELL_ONLY_EMPTY_DATASET,MERGE_INTO_PARENT,"Customer Commercial Agreement",false,false,P0,"Subordinate data for Customer Commercial Agreement; keep it as a tab, repeater, relationship, or child collection instead of a menu CRUD."
sales,sales_customer_specifications,"مواصفات العملاء","Customer Specifications","/admin/sales/customer-specifications [admin.sales.customer-specifications.index]",UI_SHELL_ONLY_EMPTY_DATASET,MERGE_INTO_PARENT,"Customer Commercial Agreement",false,false,P0,"Subordinate data for Customer Commercial Agreement; keep it as a tab, repeater, relationship, or child collection instead of a menu CRUD."
sales,sales_customer_attachments,"مرفقات العملاء","Customer Attachments","/admin/sales/customer-attachments [admin.sales.customer-attachments.index]",UI_SHELL_ONLY_EMPTY_DATASET,MERGE_INTO_PARENT,"Customer Master",false,false,P1,"Subordinate data for Customer Master; keep it as a tab, repeater, relationship, or child collection instead of a menu CRUD."
sales,sales_quotation_comparison,"مقارنة عروض الأسعار","Quotation Comparison","/admin/sales/quotation-comparison [admin.sales.quotation-comparison.index]",UI_SHELL_ONLY_EMPTY_DATASET,FUTURE_BACKLOG,"Quotation comparison inquiry",false,false,P2,"Plausible ERP capability, but not confirmed for the immediate Plastic Factory execution path and not implemented beyond shell metadata."
sales,sales_sales_orders,"أوامر البيع","Sales Orders","/admin/sales/sales-orders [admin.sales.sales-orders.index]",UI_SHELL_ONLY_EMPTY_DATASET,KEEP_STANDALONE,"Sales Order",true,true,P0,"Independent master, transaction, planning workspace, or controlled document required by the target responsibility."
sales,sales_sales_order_lines,"سطور أوامر البيع","Sales Order Lines","/admin/sales/sales-order-lines [admin.sales.sales-order-lines.index]",UI_SHELL_ONLY_EMPTY_DATASET,MERGE_INTO_PARENT,"Sales Order",false,false,P0,"Subordinate data for Sales Order; keep it as a tab, repeater, relationship, or child collection instead of a menu CRUD."
sales,sales_sales_order_specifications,"مواصفات أوامر البيع","Sales Order Specifications","/admin/sales/sales-order-specifications [admin.sales.sales-order-specifications.index]",UI_SHELL_ONLY_EMPTY_DATASET,MERGE_INTO_PARENT,"Sales Order",false,false,P0,"Subordinate data for Sales Order; keep it as a tab, repeater, relationship, or child collection instead of a menu CRUD."
sales,sales_sales_order_change_requests,"طلبات تغيير أوامر البيع","Sales Order Change Requests","/admin/sales/sales-order-change-requests [admin.sales.sales-order-change-requests.index]",UI_SHELL_ONLY_EMPTY_DATASET,MERGE_INTO_PARENT,"Sales Order — controlled change log",false,false,P1,"Subordinate data for Sales Order — controlled change log; keep it as a tab, repeater, relationship, or child collection instead of a menu CRUD."
sales,sales_sales_order_approvals,"اعتمادات أوامر البيع","Sales Order Approvals","/admin/sales/sales-order-approvals [admin.sales.sales-order-approvals.index]",UI_SHELL_ONLY_EMPTY_DATASET,WORKFLOW_ACTION,"Sales Order",false,false,P0,"This changes state or generates a downstream document from Sales Order; persist an audited transition/event, not a standalone CRUD resource."
sales,sales_sales_order_payment_schedule,"جدول دفعات أمر البيع","Sales Order Payment Schedule","/admin/sales/sales-order-payment-schedule [admin.sales.sales-order-payment-schedule.index]",UI_SHELL_ONLY_EMPTY_DATASET,MERGE_INTO_PARENT,"Sales Order",false,false,P0,"Subordinate data for Sales Order; keep it as a tab, repeater, relationship, or child collection instead of a menu CRUD."
sales,sales_sales_order_delivery_schedule,"جدول تسليم أمر البيع","Sales Order Delivery Schedule","/admin/sales/sales-order-delivery-schedule [admin.sales.sales-order-delivery-schedule.index]",UI_SHELL_ONLY_EMPTY_DATASET,MERGE_INTO_PARENT,"Sales Order",false,false,P0,"Subordinate data for Sales Order; keep it as a tab, repeater, relationship, or child collection instead of a menu CRUD."
sales,sales_sales_order_status_history,"سجل حالات أمر البيع","Sales Order Status History","/admin/sales/sales-order-status-history [admin.sales.sales-order-status-history.index]",UI_SHELL_ONLY_EMPTY_DATASET,HISTORY_OR_INQUIRY,"Sales Order",true,false,P0,"Derived read-only view over Sales Order; it must not own authoritative transaction rows."
sales,sales_sales_contracts,"عقود المبيعات","Sales Contracts","/admin/sales/sales-contracts [admin.sales.sales-contracts.index]",UI_SHELL_ONLY_EMPTY_DATASET,REMOVE_FROM_PLASTIC,"Unsupported project/contract sales architecture",false,false,P3,"Project/contract-oriented legacy concept unsupported by the confirmed Plastic Factory requirements."
sales,sales_contract_milestones,"مراحل العقود","Contract Milestones","/admin/sales/contract-milestones [admin.sales.contract-milestones.index]",UI_SHELL_ONLY_EMPTY_DATASET,REMOVE_FROM_PLASTIC,"Unsupported project/contract sales architecture",false,false,P3,"Project/contract-oriented legacy concept unsupported by the confirmed Plastic Factory requirements."
sales,sales_contract_delivery_schedule,"جدول تسليم العقد","Contract Delivery Schedule","/admin/sales/contract-delivery-schedule [admin.sales.contract-delivery-schedule.index]",UI_SHELL_ONLY_EMPTY_DATASET,REMOVE_FROM_PLASTIC,"Unsupported project/contract sales architecture",false,false,P3,"Project/contract-oriented legacy concept unsupported by the confirmed Plastic Factory requirements."
sales,sales_contract_payment_schedule,"جدول دفعات العقد","Contract Payment Schedule","/admin/sales/contract-payment-schedule [admin.sales.contract-payment-schedule.index]",UI_SHELL_ONLY_EMPTY_DATASET,REMOVE_FROM_PLASTIC,"Unsupported project/contract sales architecture",false,false,P3,"Project/contract-oriented legacy concept unsupported by the confirmed Plastic Factory requirements."
sales,sales_contract_execution_schedule,"جدول تنفيذ العقد","Contract Execution Schedule","/admin/sales/contract-execution-schedule [admin.sales.contract-execution-schedule.index]",UI_SHELL_ONLY_EMPTY_DATASET,REMOVE_FROM_PLASTIC,"Unsupported project/contract sales architecture",false,false,P3,"Project/contract-oriented legacy concept unsupported by the confirmed Plastic Factory requirements."
sales,sales_contract_terms,"شروط العقد","Contract Terms","/admin/sales/contract-terms [admin.sales.contract-terms.index]",UI_SHELL_ONLY_EMPTY_DATASET,REMOVE_FROM_PLASTIC,"Unsupported project/contract sales architecture",false,false,P3,"Project/contract-oriented legacy concept unsupported by the confirmed Plastic Factory requirements."
sales,sales_sales_invoices,"فواتير المبيعات","Sales Invoices","/admin/sales/sales-invoices [admin.sales.sales-invoices.index]",UI_SHELL_ONLY_EMPTY_DATASET,KEEP_STANDALONE,"Sales Invoice",true,true,P0,"Independent master, transaction, planning workspace, or controlled document required by the target responsibility."
sales,sales_sales_invoice_lines,"سطور فواتير المبيعات","Sales Invoice Lines","/admin/sales/sales-invoice-lines [admin.sales.sales-invoice-lines.index]",UI_SHELL_ONLY_EMPTY_DATASET,MERGE_INTO_PARENT,"Sales Invoice",false,false,P0,"Subordinate data for Sales Invoice; keep it as a tab, repeater, relationship, or child collection instead of a menu CRUD."
sales,sales_sales_returns,"مردودات المبيعات","Sales Returns","/admin/sales/sales-returns [admin.sales.sales-returns.index]",UI_SHELL_ONLY_EMPTY_DATASET,KEEP_STANDALONE,"Sales Return",true,true,P1,"Independent master, transaction, planning workspace, or controlled document required by the target responsibility."
sales,sales_customer_advances,"دفعات العملاء المقدمة","Customer Advances","/admin/sales/customer-advances [admin.sales.customer-advances.index]",UI_SHELL_ONLY_EMPTY_DATASET,DUPLICATE,"Finance Customer Advance / Receipt",false,false,P1,"Responsibility is canonically owned by Finance Customer Advance / Receipt; a second resource would split traceability and permissions."
sales,sales_customer_receipts,"متحصلات العملاء","Customer Receipts","/admin/sales/customer-receipts [admin.sales.customer-receipts.index]",UI_SHELL_ONLY_EMPTY_DATASET,DUPLICATE,"Finance Customer Advance / Receipt",false,false,P1,"Responsibility is canonically owned by Finance Customer Advance / Receipt; a second resource would split traceability and permissions."
sales,sales_customer_receipt_allocations,"تخصيص متحصلات العملاء","Customer Receipt Allocations","/admin/sales/customer-receipt-allocations [admin.sales.customer-receipt-allocations.index]",UI_SHELL_ONLY_EMPTY_DATASET,MERGE_INTO_PARENT,"Customer Receipt",false,false,P1,"Subordinate data for Customer Receipt; keep it as a tab, repeater, relationship, or child collection instead of a menu CRUD."
sales,sales_delivery_notes,"أذون التسليم","Delivery Notes","/admin/sales/delivery-notes [admin.sales.delivery-notes.index]",UI_SHELL_ONLY_EMPTY_DATASET,KEEP_STANDALONE,"Delivery Note",true,true,P0,"Independent master, transaction, planning workspace, or controlled document required by the target responsibility."
sales,sales_customer_delivery_confirmation,"تأكيد استلام العميل","Customer Delivery Confirmation","/admin/sales/customer-delivery-confirmation [admin.sales.customer-delivery-confirmation.index]",UI_SHELL_ONLY_EMPTY_DATASET,WORKFLOW_ACTION,"Delivery Note",false,false,P0,"This changes state or generates a downstream document from Delivery Note; persist an audited transition/event, not a standalone CRUD resource."
sales,sales_trip_sheets,"أوراق الرحلات","Trip Sheets","/admin/sales/trip-sheets [admin.sales.trip-sheets.index]",UI_SHELL_ONLY_EMPTY_DATASET,FUTURE_BACKLOG,"Delivery / dispatch workspace",false,true,P2,"Plausible ERP capability, but not confirmed for the immediate Plastic Factory execution path and not implemented beyond shell metadata."
sales,sales_customer_complaints,"شكاوى العملاء","Customer Complaints","/admin/sales/customer-complaints [admin.sales.customer-complaints.index]",UI_SHELL_ONLY_EMPTY_DATASET,KEEP_STANDALONE,"Customer Complaint",true,true,P1,"Independent master, transaction, planning workspace, or controlled document required by the target responsibility."
sales,sales_sales_commission_definitions,"تعريفات عمولات المبيعات","Sales Commission Definitions","/admin/sales/sales-commission-definitions [admin.sales.sales-commission-definitions.index]",UI_SHELL_ONLY_EMPTY_DATASET,FUTURE_BACKLOG,"Sales performance controls",false,true,P2,"Plausible ERP capability, but not confirmed for the immediate Plastic Factory execution path and not implemented beyond shell metadata."
sales,sales_sales_employee_targets,"أهداف موظفي المبيعات","Sales Employee Targets","/admin/sales/sales-employee-targets [admin.sales.sales-employee-targets.index]",UI_SHELL_ONLY_EMPTY_DATASET,FUTURE_BACKLOG,"Sales performance controls",false,true,P2,"Plausible ERP capability, but not confirmed for the immediate Plastic Factory execution path and not implemented beyond shell metadata."
sales,sales_sales_price_approvals,"اعتمادات أسعار البيع","Sales Price Approvals","/admin/sales/sales-price-approvals [admin.sales.sales-price-approvals.index]",UI_SHELL_ONLY_EMPTY_DATASET,WORKFLOW_ACTION,"Quotation / Sales Order commercial controls",false,false,P1,"This changes state or generates a downstream document from Quotation / Sales Order commercial controls; persist an audited transition/event, not a standalone CRUD resource."
sales,sales_discount_approval_requests,"طلبات اعتماد الخصومات","Discount Approval Requests","/admin/sales/discount-approval-requests [admin.sales.discount-approval-requests.index]",UI_SHELL_ONLY_EMPTY_DATASET,WORKFLOW_ACTION,"Quotation / Sales Order commercial controls",false,false,P1,"This changes state or generates a downstream document from Quotation / Sales Order commercial controls; persist an audited transition/event, not a standalone CRUD resource."
purchases,purchases_purchase_requisitions,"طلبات الشراء","Purchase Requisitions","/admin/purchases/purchase-requisitions [admin.purchases.purchase-requisitions.index]",UI_SHELL_ONLY_EMPTY_DATASET,KEEP_STANDALONE,"Purchase Requisition",true,true,P1,"Independent master, transaction, planning workspace, or controlled document required by the target responsibility."
purchases,purchases_purchase_requisition_lines,"سطور طلبات الشراء","Purchase Requisition Lines","/admin/purchases/purchase-requisition-lines [admin.purchases.purchase-requisition-lines.index]",UI_SHELL_ONLY_EMPTY_DATASET,MERGE_INTO_PARENT,"Purchase Requisition",false,false,P1,"Subordinate data for Purchase Requisition; keep it as a tab, repeater, relationship, or child collection instead of a menu CRUD."
purchases,purchases_purchase_requisition_approvals,"اعتمادات طلبات الشراء","Purchase Requisition Approvals","/admin/purchases/purchase-requisition-approvals [admin.purchases.purchase-requisition-approvals.index]",UI_SHELL_ONLY_EMPTY_DATASET,WORKFLOW_ACTION,"Purchase Requisition",false,false,P1,"This changes state or generates a downstream document from Purchase Requisition; persist an audited transition/event, not a standalone CRUD resource."
purchases,purchases_request_for_quotations,"طلبات عروض الأسعار","Request for Quotations","/admin/purchases/request-for-quotations [admin.purchases.request-for-quotations.index]",UI_SHELL_ONLY_EMPTY_DATASET,KEEP_STANDALONE,"Request for Quotation",true,true,P1,"Independent master, transaction, planning workspace, or controlled document required by the target responsibility."
purchases,purchases_supplier_quotation_entry,"إدخال عرض المورد","Supplier Quotation Entry","/admin/purchases/supplier-quotation-entry [admin.purchases.supplier-quotation-entry.index]",UI_SHELL_ONLY_EMPTY_DATASET,KEEP_STANDALONE,"Supplier Quotation",true,true,P1,"Independent master, transaction, planning workspace, or controlled document required by the target responsibility."
purchases,purchases_supplier_quotation_lines,"سطور عرض المورد","Supplier Quotation Lines","/admin/purchases/supplier-quotation-lines [admin.purchases.supplier-quotation-lines.index]",UI_SHELL_ONLY_EMPTY_DATASET,MERGE_INTO_PARENT,"Supplier Quotation",false,false,P1,"Subordinate data for Supplier Quotation; keep it as a tab, repeater, relationship, or child collection instead of a menu CRUD."
purchases,purchases_supplier_quotation_comparison,"مقارنة عروض الموردين","Supplier Quotation Comparison","/admin/purchases/supplier-quotation-comparison [admin.purchases.supplier-quotation-comparison.index]",UI_SHELL_ONLY_EMPTY_DATASET,HISTORY_OR_INQUIRY,"RFQ / Supplier Quotations",true,false,P1,"Derived read-only view over RFQ / Supplier Quotations; it must not own authoritative transaction rows."
purchases,purchases_supplier_selection,"اختيار المورد","Supplier Selection","/admin/purchases/supplier-selection [admin.purchases.supplier-selection.index]",UI_SHELL_ONLY_EMPTY_DATASET,WORKFLOW_ACTION,"RFQ award decision",false,false,P1,"This changes state or generates a downstream document from RFQ award decision; persist an audited transition/event, not a standalone CRUD resource."
purchases,purchases_purchase_order_lines,"سطور أوامر الشراء","Purchase Order Lines","/admin/purchases/purchase-order-lines [admin.purchases.purchase-order-lines.index]",UI_SHELL_ONLY_EMPTY_DATASET,MERGE_INTO_PARENT,"Purchase Order",false,false,P0,"Subordinate data for Purchase Order; keep it as a tab, repeater, relationship, or child collection instead of a menu CRUD."
purchases,purchases_purchase_order_approvals,"اعتمادات أوامر الشراء","Purchase Order Approvals","/admin/purchases/purchase-order-approvals [admin.purchases.purchase-order-approvals.index]",UI_SHELL_ONLY_EMPTY_DATASET,WORKFLOW_ACTION,"Purchase Order",false,false,P0,"This changes state or generates a downstream document from Purchase Order; persist an audited transition/event, not a standalone CRUD resource."
purchases,purchases_purchase_order_change_requests,"طلبات تغيير أوامر الشراء","Purchase Order Change Requests","/admin/purchases/purchase-order-change-requests [admin.purchases.purchase-order-change-requests.index]",UI_SHELL_ONLY_EMPTY_DATASET,MERGE_INTO_PARENT,"Purchase Order — controlled change log",false,false,P1,"Subordinate data for Purchase Order — controlled change log; keep it as a tab, repeater, relationship, or child collection instead of a menu CRUD."
purchases,purchases_purchase_order_delivery_schedule,"جدول تسليم أمر الشراء","Purchase Order Delivery Schedule","/admin/purchases/purchase-order-delivery-schedule [admin.purchases.purchase-order-delivery-schedule.index]",UI_SHELL_ONLY_EMPTY_DATASET,MERGE_INTO_PARENT,"Purchase Order",false,false,P0,"Subordinate data for Purchase Order; keep it as a tab, repeater, relationship, or child collection instead of a menu CRUD."
purchases,purchases_goods_receipt_notes,"أذون استلام البضاعة","Goods Receipt Notes","/admin/purchases/goods-receipt-notes [admin.purchases.goods-receipt-notes.index]",UI_SHELL_ONLY_EMPTY_DATASET,KEEP_STANDALONE,"Goods Receipt",true,true,P0,"Independent master, transaction, planning workspace, or controlled document required by the target responsibility."
purchases,purchases_goods_receipt_lines,"سطور أذون الاستلام","Goods Receipt Lines","/admin/purchases/goods-receipt-lines [admin.purchases.goods-receipt-lines.index]",UI_SHELL_ONLY_EMPTY_DATASET,MERGE_INTO_PARENT,"Goods Receipt",false,false,P0,"Subordinate data for Goods Receipt; keep it as a tab, repeater, relationship, or child collection instead of a menu CRUD."
purchases,purchases_goods_receipt_inspection,"فحص استلام البضاعة","Goods Receipt Inspection","/admin/purchases/goods-receipt-inspection [admin.purchases.goods-receipt-inspection.index]",UI_SHELL_ONLY_EMPTY_DATASET,DUPLICATE,"Quality Inspection linked to Goods Receipt",false,false,P0,"Responsibility is canonically owned by Quality Inspection linked to Goods Receipt; a second resource would split traceability and permissions."
purchases,purchases_purchase_invoice_lines,"سطور فواتير المشتريات","Purchase Invoice Lines","/admin/purchases/purchase-invoice-lines [admin.purchases.purchase-invoice-lines.index]",UI_SHELL_ONLY_EMPTY_DATASET,MERGE_INTO_PARENT,"Purchase Invoice",false,false,P0,"Subordinate data for Purchase Invoice; keep it as a tab, repeater, relationship, or child collection instead of a menu CRUD."
purchases,purchases_purchase_invoice_payments,"مدفوعات فواتير المشتريات","Purchase Invoice Payments","/admin/purchases/purchase-invoice-payments [admin.purchases.purchase-invoice-payments.index]",UI_SHELL_ONLY_EMPTY_DATASET,MERGE_INTO_PARENT,"Purchase Invoice",false,false,P0,"Subordinate data for Purchase Invoice; keep it as a tab, repeater, relationship, or child collection instead of a menu CRUD."
purchases,purchases_purchase_invoice_allocations,"تخصيص فواتير المشتريات","Purchase Invoice Allocations","/admin/purchases/purchase-invoice-allocations [admin.purchases.purchase-invoice-allocations.index]",UI_SHELL_ONLY_EMPTY_DATASET,MERGE_INTO_PARENT,"Purchase Invoice",false,false,P0,"Subordinate data for Purchase Invoice; keep it as a tab, repeater, relationship, or child collection instead of a menu CRUD."
purchases,purchases_purchase_returns,"مردودات المشتريات","Purchase Returns","/admin/purchases/purchase-returns [admin.purchases.purchase-returns.index]",UI_SHELL_ONLY_EMPTY_DATASET,KEEP_STANDALONE,"Purchase Return",true,true,P1,"Independent master, transaction, planning workspace, or controlled document required by the target responsibility."
purchases,purchases_purchase_return_lines,"سطور مردودات المشتريات","Purchase Return Lines","/admin/purchases/purchase-return-lines [admin.purchases.purchase-return-lines.index]",UI_SHELL_ONLY_EMPTY_DATASET,MERGE_INTO_PARENT,"Purchase Return",false,false,P1,"Subordinate data for Purchase Return; keep it as a tab, repeater, relationship, or child collection instead of a menu CRUD."
purchases,purchases_supplier_advances,"دفعات الموردين المقدمة","Supplier Advances","/admin/purchases/supplier-advances [admin.purchases.supplier-advances.index]",UI_SHELL_ONLY_EMPTY_DATASET,DUPLICATE,"Finance Supplier Advance / Payment",false,false,P1,"Responsibility is canonically owned by Finance Supplier Advance / Payment; a second resource would split traceability and permissions."
purchases,purchases_supplier_payments,"مدفوعات الموردين","Supplier Payments","/admin/purchases/supplier-payments [admin.purchases.supplier-payments.index]",UI_SHELL_ONLY_EMPTY_DATASET,DUPLICATE,"Finance Supplier Advance / Payment",false,false,P1,"Responsibility is canonically owned by Finance Supplier Advance / Payment; a second resource would split traceability and permissions."
purchases,purchases_supplier_payment_allocations,"تخصيص مدفوعات الموردين","Supplier Payment Allocations","/admin/purchases/supplier-payment-allocations [admin.purchases.supplier-payment-allocations.index]",UI_SHELL_ONLY_EMPTY_DATASET,MERGE_INTO_PARENT,"Supplier Payment",false,false,P1,"Subordinate data for Supplier Payment; keep it as a tab, repeater, relationship, or child collection instead of a menu CRUD."
purchases,purchases_supplier_debit_notes,"إشعارات خصم الموردين","Supplier Debit Notes","/admin/purchases/supplier-debit-notes [admin.purchases.supplier-debit-notes.index]",UI_SHELL_ONLY_EMPTY_DATASET,KEEP_STANDALONE,"Supplier Debit / Credit Note",true,true,P1,"Independent master, transaction, planning workspace, or controlled document required by the target responsibility."
purchases,purchases_supplier_credit_notes,"إشعارات إضافة الموردين","Supplier Credit Notes","/admin/purchases/supplier-credit-notes [admin.purchases.supplier-credit-notes.index]",UI_SHELL_ONLY_EMPTY_DATASET,KEEP_STANDALONE,"Supplier Debit / Credit Note",true,true,P1,"Independent master, transaction, planning workspace, or controlled document required by the target responsibility."
purchases,purchases_supplier_contracts,"عقود الموردين","Supplier Contracts","/admin/purchases/supplier-contracts [admin.purchases.supplier-contracts.index]",UI_SHELL_ONLY_EMPTY_DATASET,MERGE_INTO_PARENT,"Supplier Master / Commercial Agreement",false,false,P2,"Subordinate data for Supplier Master / Commercial Agreement; keep it as a tab, repeater, relationship, or child collection instead of a menu CRUD."
purchases,purchases_supplier_contract_milestones,"مراحل عقود الموردين","Supplier Contract Milestones","/admin/purchases/supplier-contract-milestones [admin.purchases.supplier-contract-milestones.index]",UI_SHELL_ONLY_EMPTY_DATASET,MERGE_INTO_PARENT,"Supplier Master / Commercial Agreement",false,false,P2,"Subordinate data for Supplier Master / Commercial Agreement; keep it as a tab, repeater, relationship, or child collection instead of a menu CRUD."
purchases,purchases_supplier_evaluation,"تقييم الموردين","Supplier Evaluation","/admin/purchases/supplier-evaluation [admin.purchases.supplier-evaluation.index]",UI_SHELL_ONLY_EMPTY_DATASET,MERGE_INTO_PARENT,"Supplier Master / Commercial Agreement",false,false,P2,"Subordinate data for Supplier Master / Commercial Agreement; keep it as a tab, repeater, relationship, or child collection instead of a menu CRUD."
purchases,purchases_supplier_price_lists,"قوائم أسعار الموردين","Supplier Price Lists","/admin/purchases/supplier-price-lists [admin.purchases.supplier-price-lists.index]",UI_SHELL_ONLY_EMPTY_DATASET,MERGE_INTO_PARENT,"Supplier Master / Commercial Agreement",false,false,P2,"Subordinate data for Supplier Master / Commercial Agreement; keep it as a tab, repeater, relationship, or child collection instead of a menu CRUD."
purchases,purchases_supplier_product_catalog,"دليل منتجات الموردين","Supplier Product Catalog","/admin/purchases/supplier-product-catalog [admin.purchases.supplier-product-catalog.index]",UI_SHELL_ONLY_EMPTY_DATASET,MERGE_INTO_PARENT,"Supplier Master / Commercial Agreement",false,false,P2,"Subordinate data for Supplier Master / Commercial Agreement; keep it as a tab, repeater, relationship, or child collection instead of a menu CRUD."
purchases,purchases_supplier_attachments,"مرفقات الموردين","Supplier Attachments","/admin/purchases/supplier-attachments [admin.purchases.supplier-attachments.index]",UI_SHELL_ONLY_EMPTY_DATASET,MERGE_INTO_PARENT,"Supplier Master / Commercial Agreement",false,false,P2,"Subordinate data for Supplier Master / Commercial Agreement; keep it as a tab, repeater, relationship, or child collection instead of a menu CRUD."
purchases,purchases_supplier_complaints,"شكاوى الموردين","Supplier Complaints","/admin/purchases/supplier-complaints [admin.purchases.supplier-complaints.index]",UI_SHELL_ONLY_EMPTY_DATASET,FUTURE_BACKLOG,"Supplier issue management",false,true,P2,"Plausible ERP capability, but not confirmed for the immediate Plastic Factory execution path and not implemented beyond shell metadata."
purchases,purchases_external_service_purchase_orders,"أوامر شراء الخدمات الخارجية","External Service Purchase Orders","/admin/purchases/external-service-purchase-orders [admin.purchases.external-service-purchase-orders.index]",UI_SHELL_ONLY_EMPTY_DATASET,DUPLICATE,"Purchase Order with type/policy",false,false,P2,"Responsibility is canonically owned by Purchase Order with type/policy; a second resource would split traceability and permissions."
purchases,purchases_direct_production_purchases,"مشتريات الإنتاج المباشرة","Direct Production Purchases","/admin/purchases/direct-production-purchases [admin.purchases.direct-production-purchases.index]",UI_SHELL_ONLY_EMPTY_DATASET,DUPLICATE,"Purchase Order with type/policy",false,false,P2,"Responsibility is canonically owned by Purchase Order with type/policy; a second resource would split traceability and permissions."
purchases,purchases_emergency_purchases,"المشتريات الطارئة","Emergency Purchases","/admin/purchases/emergency-purchases [admin.purchases.emergency-purchases.index]",UI_SHELL_ONLY_EMPTY_DATASET,DUPLICATE,"Purchase Order with type/policy",false,false,P2,"Responsibility is canonically owned by Purchase Order with type/policy; a second resource would split traceability and permissions."
inventory,inventory_warehouses,المستودعات,Warehouses,"/admin/inventory/warehouses [admin.inventory.warehouses.index]",UI_SHELL_ONLY_EMPTY_DATASET,REWORK,"Warehouse / Store Master",true,true,P0,"Valid responsibility, but the generic shell CRUD lacks the required lifecycle, source links, snapshots, scoping, and audit semantics."
inventory,inventory_warehouse_locations,"مواقع المخازن","Warehouse Locations","/admin/inventory/warehouse-locations [admin.inventory.warehouse-locations.index]",UI_SHELL_ONLY_EMPTY_DATASET,MERGE_INTO_PARENT,"Warehouse / Store Master",false,false,P1,"Subordinate data for Warehouse / Store Master; keep it as a tab, repeater, relationship, or child collection instead of a menu CRUD."
inventory,inventory_warehouse_zones,"مناطق المخازن","Warehouse Zones","/admin/inventory/warehouse-zones [admin.inventory.warehouse-zones.index]",UI_SHELL_ONLY_EMPTY_DATASET,MERGE_INTO_PARENT,"Warehouse / Store Master",false,false,P1,"Subordinate data for Warehouse / Store Master; keep it as a tab, repeater, relationship, or child collection instead of a menu CRUD."
inventory,inventory_warehouse_bins,"خانات المخازن","Warehouse Bins","/admin/inventory/warehouse-bins [admin.inventory.warehouse-bins.index]",UI_SHELL_ONLY_EMPTY_DATASET,MERGE_INTO_PARENT,"Warehouse / Store Master",false,false,P1,"Subordinate data for Warehouse / Store Master; keep it as a tab, repeater, relationship, or child collection instead of a menu CRUD."
inventory,inventory_stock_receipts,"إيصالات المخزون","Stock Receipts","/admin/inventory/stock-receipts [admin.inventory.stock-receipts.index]",UI_SHELL_ONLY_EMPTY_DATASET,REWORK,"Source-linked Inventory Receipt",true,true,P0,"Valid responsibility, but the generic shell CRUD lacks the required lifecycle, source links, snapshots, scoping, and audit semantics."
inventory,inventory_goods_receipt_posting,"ترحيل استلام البضاعة","Goods Receipt Posting","/admin/inventory/goods-receipt-posting [admin.inventory.goods-receipt-posting.index]",UI_SHELL_ONLY_EMPTY_DATASET,WORKFLOW_ACTION,"Goods Receipt",false,false,P0,"This changes state or generates a downstream document from Goods Receipt; persist an audited transition/event, not a standalone CRUD resource."
inventory,inventory_material_issue_vouchers,"أذون صرف الخامات","Material Issue Vouchers","/admin/inventory/material-issue-vouchers [admin.inventory.material-issue-vouchers.index]",UI_SHELL_ONLY_EMPTY_DATASET,KEEP_STANDALONE,"Material Issue",true,true,P0,"Independent master, transaction, planning workspace, or controlled document required by the target responsibility."
inventory,inventory_material_return_vouchers,"أذون مرتجع الخامات","Material Return Vouchers","/admin/inventory/material-return-vouchers [admin.inventory.material-return-vouchers.index]",UI_SHELL_ONLY_EMPTY_DATASET,KEEP_STANDALONE,"Material Return",true,true,P0,"Independent master, transaction, planning workspace, or controlled document required by the target responsibility."
inventory,inventory_inventory_transfer_requests,"طلبات تحويل المخزون","Inventory Transfer Requests","/admin/inventory/inventory-transfer-requests [admin.inventory.inventory-transfer-requests.index]",UI_SHELL_ONLY_EMPTY_DATASET,KEEP_STANDALONE,"Inventory Transfer Request",true,true,P1,"Independent master, transaction, planning workspace, or controlled document required by the target responsibility."
inventory,inventory_inventory_transfer_vouchers,"أذون تحويل المخزون","Inventory Transfer Vouchers","/admin/inventory/inventory-transfer-vouchers [admin.inventory.inventory-transfer-vouchers.index]",UI_SHELL_ONLY_EMPTY_DATASET,KEEP_STANDALONE,"Inventory Transfer",true,true,P0,"Independent master, transaction, planning workspace, or controlled document required by the target responsibility."
inventory,inventory_store_to_store_transfers,"تحويلات مخزن إلى مخزن","Store-to-Store Transfers","/admin/inventory/store-to-store-transfers [admin.inventory.store-to-store-transfers.index]",UI_SHELL_ONLY_EMPTY_DATASET,DUPLICATE,"Inventory Transfer",false,false,P0,"Responsibility is canonically owned by Inventory Transfer; a second resource would split traceability and permissions."
inventory,inventory_branch_to_branch_transfers,"تحويلات فرع إلى فرع","Branch-to-Branch Transfers","/admin/inventory/branch-to-branch-transfers [admin.inventory.branch-to-branch-transfers.index]",UI_SHELL_ONLY_EMPTY_DATASET,DUPLICATE,"Inventory Transfer",false,false,P0,"Responsibility is canonically owned by Inventory Transfer; a second resource would split traceability and permissions."
inventory,inventory_hall_transfers,"تحويلات الصالات","Hall Transfers","/admin/inventory/hall-transfers [admin.inventory.hall-transfers.index]",UI_SHELL_ONLY_EMPTY_DATASET,DUPLICATE,"Inventory Transfer",false,false,P0,"Responsibility is canonically owned by Inventory Transfer; a second resource would split traceability and permissions."
inventory,inventory_location_transfers,"تحويلات المواقع","Location Transfers","/admin/inventory/location-transfers [admin.inventory.location-transfers.index]",UI_SHELL_ONLY_EMPTY_DATASET,DUPLICATE,"Inventory Transfer",false,false,P0,"Responsibility is canonically owned by Inventory Transfer; a second resource would split traceability and permissions."
inventory,inventory_stock_adjustments,"تسويات المخزون","Stock Adjustments","/admin/inventory/stock-adjustments [admin.inventory.stock-adjustments.index]",UI_SHELL_ONLY_EMPTY_DATASET,KEEP_STANDALONE,"Stock Adjustment",true,true,P1,"Independent master, transaction, planning workspace, or controlled document required by the target responsibility."
inventory,inventory_adjustment_in,"تسوية بالزيادة","Adjustment In","/admin/inventory/adjustment-in [admin.inventory.adjustment-in.index]",UI_SHELL_ONLY_EMPTY_DATASET,DUPLICATE,"Stock Adjustment with direction",false,false,P1,"Responsibility is canonically owned by Stock Adjustment with direction; a second resource would split traceability and permissions."
inventory,inventory_adjustment_out,"تسوية بالنقص","Adjustment Out","/admin/inventory/adjustment-out [admin.inventory.adjustment-out.index]",UI_SHELL_ONLY_EMPTY_DATASET,DUPLICATE,"Stock Adjustment with direction",false,false,P1,"Responsibility is canonically owned by Stock Adjustment with direction; a second resource would split traceability and permissions."
inventory,inventory_stock_count_plans,"خطط الجرد","Stock Count Plans","/admin/inventory/stock-count-plans [admin.inventory.stock-count-plans.index]",UI_SHELL_ONLY_EMPTY_DATASET,KEEP_STANDALONE,"Stock Count Plan",true,true,P1,"Independent master, transaction, planning workspace, or controlled document required by the target responsibility."
inventory,inventory_stock_count_sheets,"أوراق الجرد","Stock Count Sheets","/admin/inventory/stock-count-sheets [admin.inventory.stock-count-sheets.index]",UI_SHELL_ONLY_EMPTY_DATASET,MERGE_INTO_PARENT,"Stock Count Plan / Count Session",false,false,P1,"Subordinate data for Stock Count Plan / Count Session; keep it as a tab, repeater, relationship, or child collection instead of a menu CRUD."
inventory,inventory_stock_count_entry,"إدخال الجرد","Stock Count Entry","/admin/inventory/stock-count-entry [admin.inventory.stock-count-entry.index]",UI_SHELL_ONLY_EMPTY_DATASET,MERGE_INTO_PARENT,"Stock Count Plan / Count Session",false,false,P1,"Subordinate data for Stock Count Plan / Count Session; keep it as a tab, repeater, relationship, or child collection instead of a menu CRUD."
inventory,inventory_stock_count_differences,"فروق الجرد","Stock Count Differences","/admin/inventory/stock-count-differences [admin.inventory.stock-count-differences.index]",UI_SHELL_ONLY_EMPTY_DATASET,MERGE_INTO_PARENT,"Stock Count Plan / Count Session",false,false,P1,"Subordinate data for Stock Count Plan / Count Session; keep it as a tab, repeater, relationship, or child collection instead of a menu CRUD."
inventory,inventory_stock_count_approval,"اعتماد الجرد","Stock Count Approval","/admin/inventory/stock-count-approval [admin.inventory.stock-count-approval.index]",UI_SHELL_ONLY_EMPTY_DATASET,WORKFLOW_ACTION,"Stock Count Session",false,false,P1,"This changes state or generates a downstream document from Stock Count Session; persist an audited transition/event, not a standalone CRUD resource."
inventory,inventory_inventory_reservations,"حجوزات المخزون","Inventory Reservations","/admin/inventory/inventory-reservations [admin.inventory.inventory-reservations.index]",UI_SHELL_ONLY_EMPTY_DATASET,KEEP_STANDALONE,"Inventory Reservation",true,true,P0,"Independent master, transaction, planning workspace, or controlled document required by the target responsibility."
inventory,inventory_reservation_release,"فك حجز المخزون","Reservation Release","/admin/inventory/reservation-release [admin.inventory.reservation-release.index]",UI_SHELL_ONLY_EMPTY_DATASET,WORKFLOW_ACTION,"Inventory Reservation",false,false,P0,"This changes state or generates a downstream document from Inventory Reservation; persist an audited transition/event, not a standalone CRUD resource."
inventory,inventory_batch_lot_definitions,"تعريفات التشغيلات / اللوطات","Batch / Lot Definitions","/admin/inventory/batch-lot-definitions [admin.inventory.batch-lot-definitions.index]",UI_SHELL_ONLY_EMPTY_DATASET,REWORK,"Lot / Batch traceability generated by receipts",true,true,P0,"Valid responsibility, but the generic shell CRUD lacks the required lifecycle, source links, snapshots, scoping, and audit semantics."
inventory,inventory_batch_receipt,"استلام التشغيلات","Batch Receipt","/admin/inventory/batch-receipt [admin.inventory.batch-receipt.index]",UI_SHELL_ONLY_EMPTY_DATASET,DUPLICATE,"Source-linked receipt/issue with lot allocation",false,false,P0,"Responsibility is canonically owned by Source-linked receipt/issue with lot allocation; a second resource would split traceability and permissions."
inventory,inventory_batch_issue,"صرف التشغيلات","Batch Issue","/admin/inventory/batch-issue [admin.inventory.batch-issue.index]",UI_SHELL_ONLY_EMPTY_DATASET,DUPLICATE,"Source-linked receipt/issue with lot allocation",false,false,P0,"Responsibility is canonically owned by Source-linked receipt/issue with lot allocation; a second resource would split traceability and permissions."
inventory,inventory_serial_number_tracking,"تتبع الأرقام المسلسلة","Serial Number Tracking","/admin/inventory/serial-number-tracking [admin.inventory.serial-number-tracking.index]",UI_SHELL_ONLY_EMPTY_DATASET,HISTORY_OR_INQUIRY,"Inventory traceability",true,false,P1,"Derived read-only view over Inventory traceability; it must not own authoritative transaction rows."
inventory,inventory_expiry_tracking,"تتبع الصلاحية","Expiry Tracking","/admin/inventory/expiry-tracking [admin.inventory.expiry-tracking.index]",UI_SHELL_ONLY_EMPTY_DATASET,HISTORY_OR_INQUIRY,"Inventory traceability",true,false,P1,"Derived read-only view over Inventory traceability; it must not own authoritative transaction rows."
inventory,inventory_quarantine_stock,"مخزون الحجر","Quarantine Stock","/admin/inventory/quarantine-stock [admin.inventory.quarantine-stock.index]",UI_SHELL_ONLY_EMPTY_DATASET,HISTORY_OR_INQUIRY,"Inventory traceability",true,false,P1,"Derived read-only view over Inventory traceability; it must not own authoritative transaction rows."
inventory,inventory_quality_hold_stock,"مخزون موقوف للجودة","Quality Hold Stock","/admin/inventory/quality-hold-stock [admin.inventory.quality-hold-stock.index]",UI_SHELL_ONLY_EMPTY_DATASET,HISTORY_OR_INQUIRY,"Inventory traceability",true,false,P1,"Derived read-only view over Inventory traceability; it must not own authoritative transaction rows."
inventory,inventory_released_stock,"المخزون المفرج عنه","Released Stock","/admin/inventory/released-stock [admin.inventory.released-stock.index]",UI_SHELL_ONLY_EMPTY_DATASET,HISTORY_OR_INQUIRY,"Inventory traceability",true,false,P1,"Derived read-only view over Inventory traceability; it must not own authoritative transaction rows."
inventory,inventory_damaged_stock,"المخزون التالف","Damaged Stock","/admin/inventory/damaged-stock [admin.inventory.damaged-stock.index]",UI_SHELL_ONLY_EMPTY_DATASET,HISTORY_OR_INQUIRY,"Inventory traceability",true,false,P1,"Derived read-only view over Inventory traceability; it must not own authoritative transaction rows."
inventory,inventory_scrap_stock,"مخزون الهالك","Scrap Stock","/admin/inventory/scrap-stock [admin.inventory.scrap-stock.index]",UI_SHELL_ONLY_EMPTY_DATASET,HISTORY_OR_INQUIRY,"Inventory traceability",true,false,P1,"Derived read-only view over Inventory traceability; it must not own authoritative transaction rows."
inventory,inventory_waste_stock,"مخزون الفاقد","Waste Stock","/admin/inventory/waste-stock [admin.inventory.waste-stock.index]",UI_SHELL_ONLY_EMPTY_DATASET,HISTORY_OR_INQUIRY,"Inventory traceability",true,false,P1,"Derived read-only view over Inventory traceability; it must not own authoritative transaction rows."
inventory,inventory_packaging_issue,"صرف مواد التعبئة","Packaging Issue","/admin/inventory/packaging-issue [admin.inventory.packaging-issue.index]",UI_SHELL_ONLY_EMPTY_DATASET,DUPLICATE,"Material Issue / Material Return",false,false,P0,"Responsibility is canonically owned by Material Issue / Material Return; a second resource would split traceability and permissions."
inventory,inventory_packaging_return,"مرتجع مواد التعبئة","Packaging Return","/admin/inventory/packaging-return [admin.inventory.packaging-return.index]",UI_SHELL_ONLY_EMPTY_DATASET,DUPLICATE,"Material Issue / Material Return",false,false,P0,"Responsibility is canonically owned by Material Issue / Material Return; a second resource would split traceability and permissions."
inventory,inventory_finished_goods_receipt,"استلام الإنتاج التام","Finished Goods Receipt","/admin/inventory/finished-goods-receipt [admin.inventory.finished-goods-receipt.index]",UI_SHELL_ONLY_EMPTY_DATASET,KEEP_STANDALONE,"Finished Goods Receipt",true,true,P0,"Independent master, transaction, planning workspace, or controlled document required by the target responsibility."
inventory,inventory_production_material_issue,"صرف خامات الإنتاج","Production Material Issue","/admin/inventory/production-material-issue [admin.inventory.production-material-issue.index]",UI_SHELL_ONLY_EMPTY_DATASET,DUPLICATE,"Material Issue / Material Return",false,false,P0,"Responsibility is canonically owned by Material Issue / Material Return; a second resource would split traceability and permissions."
inventory,inventory_production_material_return,"مرتجع خامات الإنتاج","Production Material Return","/admin/inventory/production-material-return [admin.inventory.production-material-return.index]",UI_SHELL_ONLY_EMPTY_DATASET,DUPLICATE,"Material Issue / Material Return",false,false,P0,"Responsibility is canonically owned by Material Issue / Material Return; a second resource would split traceability and permissions."
inventory,inventory_sales_delivery_issue,"صرف تسليم المبيعات","Sales Delivery Issue","/admin/inventory/sales-delivery-issue [admin.inventory.sales-delivery-issue.index]",UI_SHELL_ONLY_EMPTY_DATASET,WORKFLOW_ACTION,"Delivery / Purchase Return creates stock movement",false,false,P0,"This changes state or generates a downstream document from Delivery / Purchase Return creates stock movement; persist an audited transition/event, not a standalone CRUD resource."
inventory,inventory_purchase_return_issue,"صرف مردود المشتريات","Purchase Return Issue","/admin/inventory/purchase-return-issue [admin.inventory.purchase-return-issue.index]",UI_SHELL_ONLY_EMPTY_DATASET,WORKFLOW_ACTION,"Delivery / Purchase Return creates stock movement",false,false,P0,"This changes state or generates a downstream document from Delivery / Purchase Return creates stock movement; persist an audited transition/event, not a standalone CRUD resource."
inventory,inventory_inventory_transaction_viewer,"عارض حركات المخزون","Inventory Transaction Viewer","/admin/inventory/inventory-transaction-viewer [admin.inventory.inventory-transaction-viewer.index]",UI_SHELL_ONLY_EMPTY_DATASET,HISTORY_OR_INQUIRY,"Inventory ledger / stock position",true,false,P0,"Derived read-only view over Inventory ledger / stock position; it must not own authoritative transaction rows."
inventory,inventory_stock_balance_inquiry,"استعلام رصيد المخزون","Stock Balance Inquiry","/admin/inventory/stock-balance-inquiry [admin.inventory.stock-balance-inquiry.index]",UI_SHELL_ONLY_EMPTY_DATASET,HISTORY_OR_INQUIRY,"Inventory ledger / stock position",true,false,P0,"Derived read-only view over Inventory ledger / stock position; it must not own authoritative transaction rows."
inventory,inventory_stock_card_inquiry,"استعلام كارت الصنف","Stock Card Inquiry","/admin/inventory/stock-card-inquiry [admin.inventory.stock-card-inquiry.index]",UI_SHELL_ONLY_EMPTY_DATASET,HISTORY_OR_INQUIRY,"Inventory ledger / stock position",true,false,P0,"Derived read-only view over Inventory ledger / stock position; it must not own authoritative transaction rows."
inventory,inventory_negative_stock_review,"مراجعة المخزون السالب","Negative Stock Review","/admin/inventory/negative-stock-review [admin.inventory.negative-stock-review.index]",UI_SHELL_ONLY_EMPTY_DATASET,HISTORY_OR_INQUIRY,"Inventory ledger / stock position",true,false,P0,"Derived read-only view over Inventory ledger / stock position; it must not own authoritative transaction rows."
inventory,inventory_reorder_suggestions,"مقترحات إعادة الطلب","Reorder Suggestions","/admin/inventory/reorder-suggestions [admin.inventory.reorder-suggestions.index]",UI_SHELL_ONLY_EMPTY_DATASET,HISTORY_OR_INQUIRY,"Inventory planning analytics",true,false,P2,"Derived read-only view over Inventory planning analytics; it must not own authoritative transaction rows."
inventory,inventory_slow_moving_stock,"المخزون بطيء الحركة","Slow Moving Stock","/admin/inventory/slow-moving-stock [admin.inventory.slow-moving-stock.index]",UI_SHELL_ONLY_EMPTY_DATASET,HISTORY_OR_INQUIRY,"Inventory planning analytics",true,false,P2,"Derived read-only view over Inventory planning analytics; it must not own authoritative transaction rows."
inventory,inventory_dead_stock,"المخزون الراكد","Dead Stock","/admin/inventory/dead-stock [admin.inventory.dead-stock.index]",UI_SHELL_ONLY_EMPTY_DATASET,HISTORY_OR_INQUIRY,"Inventory planning analytics",true,false,P2,"Derived read-only view over Inventory planning analytics; it must not own authoritative transaction rows."
inventory,inventory_stock_aging,"أعمار المخزون","Stock Aging","/admin/inventory/stock-aging [admin.inventory.stock-aging.index]",UI_SHELL_ONLY_EMPTY_DATASET,HISTORY_OR_INQUIRY,"Inventory planning analytics",true,false,P2,"Derived read-only view over Inventory planning analytics; it must not own authoritative transaction rows."
production,production_production_settings,"إعدادات الإنتاج","Production Settings","/admin/production/production-settings [admin.production.production-settings.index]",UI_SHELL_ONLY_EMPTY_DATASET,MERGE_INTO_PARENT,"Manufacturing Settings",false,false,P1,"Subordinate data for Manufacturing Settings; keep it as a tab, repeater, relationship, or child collection instead of a menu CRUD."
production,production_production_calendars,"تقويمات الإنتاج","Production Calendars","/admin/production/production-calendars [admin.production.production-calendars.index]",UI_SHELL_ONLY_EMPTY_DATASET,KEEP_STANDALONE,"Production Calendar",true,true,P1,"Independent master, transaction, planning workspace, or controlled document required by the target responsibility."
production,production_production_shifts,"ورديات الإنتاج","Production Shifts","/admin/production/production-shifts [admin.production.production-shifts.index]",UI_SHELL_ONLY_EMPTY_DATASET,REWORK,"Shift Master shared with HR scheduling",true,true,P1,"Valid responsibility, but the generic shell CRUD lacks the required lifecycle, source links, snapshots, scoping, and audit semantics."
production,production_production_lines,"خطوط الإنتاج","Production Lines","/admin/production/production-lines [admin.production.production-lines.index]",UI_SHELL_ONLY_EMPTY_DATASET,KEEP_STANDALONE,"Production Line / Work Center",true,true,P1,"Independent master, transaction, planning workspace, or controlled document required by the target responsibility."
production,production_production_departments,"إدارات الإنتاج","Production Departments","/admin/production/production-departments [admin.production.production-departments.index]",UI_SHELL_ONLY_EMPTY_DATASET,DUPLICATE,"Organization / Production Work Center",false,false,P2,"Responsibility is canonically owned by Organization / Production Work Center; a second resource would split traceability and permissions."
production,production_production_work_centers,"مراكز عمل الإنتاج","Production Work Centers","/admin/production/production-work-centers [admin.production.production-work-centers.index]",UI_SHELL_ONLY_EMPTY_DATASET,KEEP_STANDALONE,"Production Line / Work Center",true,true,P1,"Independent master, transaction, planning workspace, or controlled document required by the target responsibility."
production,production_machines,الماكينات,Machines,"/admin/production/machines [admin.production.machines.index]",UI_SHELL_ONLY_EMPTY_DATASET,KEEP_STANDALONE,"Machine Master",true,true,P0,"Independent master, transaction, planning workspace, or controlled document required by the target responsibility."
production,production_molds,الاسطمبات,Molds,"/admin/production/molds [admin.production.molds.index]",UI_SHELL_ONLY_EMPTY_DATASET,KEEP_STANDALONE,"Mold Master",true,true,P0,"Independent master, transaction, planning workspace, or controlled document required by the target responsibility."
production,production_tools,"العدد والأدوات",Tools,"/admin/production/tools [admin.production.tools.index]",UI_SHELL_ONLY_EMPTY_DATASET,DUPLICATE,"Tool / Spare Part item or maintenance asset",false,false,P2,"Responsibility is canonically owned by Tool / Spare Part item or maintenance asset; a second resource would split traceability and permissions."
production,production_production_stages,"مراحل الإنتاج","Production Stages","/admin/production/production-stages [admin.production.production-stages.index]",UI_SHELL_ONLY_EMPTY_DATASET,FUTURE_BACKLOG,"Production Routing",false,true,P2,"Plausible ERP capability, but not confirmed for the immediate Plastic Factory execution path and not implemented beyond shell metadata."
production,production_production_routing,"مسارات الإنتاج","Production Routing","/admin/production/production-routing [admin.production.production-routing.index]",UI_SHELL_ONLY_EMPTY_DATASET,FUTURE_BACKLOG,"Production Routing",false,true,P2,"Plausible ERP capability, but not confirmed for the immediate Plastic Factory execution path and not implemented beyond shell metadata."
production,production_bom_versions,"إصدارات قوائم المكونات","BOM Versions","/admin/production/bom-versions [admin.production.bom-versions.index]",UI_SHELL_ONLY_EMPTY_DATASET,REWORK,"Versioned BOM / Formula",true,true,P0,"Valid responsibility, but the generic shell CRUD lacks the required lifecycle, source links, snapshots, scoping, and audit semantics."
production,production_bom_approval,"اعتماد قوائم المكونات","BOM Approval","/admin/production/bom-approval [admin.production.bom-approval.index]",UI_SHELL_ONLY_EMPTY_DATASET,WORKFLOW_ACTION,"BOM Version",false,false,P0,"This changes state or generates a downstream document from BOM Version; persist an audited transition/event, not a standalone CRUD resource."
production,production_master_production_schedule,"الجدول الرئيسي للإنتاج","Master Production Schedule","/admin/production/master-production-schedule [admin.production.master-production-schedule.index]",UI_SHELL_ONLY_EMPTY_DATASET,FUTURE_BACKLOG,"Advanced production planning",false,true,P2,"Plausible ERP capability, but not confirmed for the immediate Plastic Factory execution path and not implemented beyond shell metadata."
production,production_production_forecast,"توقعات الإنتاج","Production Forecast","/admin/production/production-forecast [admin.production.production-forecast.index]",UI_SHELL_ONLY_EMPTY_DATASET,FUTURE_BACKLOG,"Advanced production planning",false,true,P2,"Plausible ERP capability, but not confirmed for the immediate Plastic Factory execution path and not implemented beyond shell metadata."
production,production_production_plan,"خطة الإنتاج","Production Plan","/admin/production/production-plan [admin.production.production-plan.index]",UI_SHELL_ONLY_EMPTY_DATASET,KEEP_STANDALONE,"Production Plan",true,true,P1,"Independent master, transaction, planning workspace, or controlled document required by the target responsibility."
production,production_weekly_production_plan,"خطة الإنتاج الأسبوعية","Weekly Production Plan","/admin/production/weekly-production-plan [admin.production.weekly-production-plan.index]",UI_SHELL_ONLY_EMPTY_DATASET,DUPLICATE,"Production Plan calendar views",false,false,P1,"Responsibility is canonically owned by Production Plan calendar views; a second resource would split traceability and permissions."
production,production_daily_production_plan,"خطة الإنتاج اليومية","Daily Production Plan","/admin/production/daily-production-plan [admin.production.daily-production-plan.index]",UI_SHELL_ONLY_EMPTY_DATASET,DUPLICATE,"Production Plan calendar views",false,false,P1,"Responsibility is canonically owned by Production Plan calendar views; a second resource would split traceability and permissions."
production,production_material_requirements_planning,"تخطيط احتياجات الخامات","Material Requirements Planning","/admin/production/material-requirements-planning [admin.production.material-requirements-planning.index]",UI_SHELL_ONLY_EMPTY_DATASET,KEEP_STANDALONE,"Material Requirements Planning",true,true,P0,"Independent master, transaction, planning workspace, or controlled document required by the target responsibility."
production,production_capacity_requirements_planning,"تخطيط احتياجات الطاقة","Capacity Requirements Planning","/admin/production/capacity-requirements-planning [admin.production.capacity-requirements-planning.index]",UI_SHELL_ONLY_EMPTY_DATASET,REWORK,"Capacity / machine / mold planning workspace",true,true,P1,"Valid responsibility, but the generic shell CRUD lacks the required lifecycle, source links, snapshots, scoping, and audit semantics."
production,production_machine_loading_plan,"خطة تحميل الماكينات","Machine Loading Plan","/admin/production/machine-loading-plan [admin.production.machine-loading-plan.index]",UI_SHELL_ONLY_EMPTY_DATASET,REWORK,"Capacity / machine / mold planning workspace",true,true,P1,"Valid responsibility, but the generic shell CRUD lacks the required lifecycle, source links, snapshots, scoping, and audit semantics."
production,production_mold_loading_plan,"خطة تحميل الاسطمبات","Mold Loading Plan","/admin/production/mold-loading-plan [admin.production.mold-loading-plan.index]",UI_SHELL_ONLY_EMPTY_DATASET,REWORK,"Capacity / machine / mold planning workspace",true,true,P1,"Valid responsibility, but the generic shell CRUD lacks the required lifecycle, source links, snapshots, scoping, and audit semantics."
production,production_work_orders,"أوامر التشغيل","Work Orders","/admin/production/work-orders [admin.production.work-orders.index]",UI_SHELL_ONLY_EMPTY_DATASET,KEEP_STANDALONE,"Work Order",true,true,P0,"Independent master, transaction, planning workspace, or controlled document required by the target responsibility."
production,production_work_order_lines,"سطور أوامر التشغيل","Work Order Lines","/admin/production/work-order-lines [admin.production.work-order-lines.index]",UI_SHELL_ONLY_EMPTY_DATASET,MERGE_INTO_PARENT,"Work Order",false,false,P0,"Subordinate data for Work Order; keep it as a tab, repeater, relationship, or child collection instead of a menu CRUD."
production,production_work_order_materials,"خامات أوامر التشغيل","Work Order Materials","/admin/production/work-order-materials [admin.production.work-order-materials.index]",UI_SHELL_ONLY_EMPTY_DATASET,MERGE_INTO_PARENT,"Work Order",false,false,P0,"Subordinate data for Work Order; keep it as a tab, repeater, relationship, or child collection instead of a menu CRUD."
production,production_work_order_operations,"عمليات أوامر التشغيل","Work Order Operations","/admin/production/work-order-operations [admin.production.work-order-operations.index]",UI_SHELL_ONLY_EMPTY_DATASET,MERGE_INTO_PARENT,"Work Order",false,false,P0,"Subordinate data for Work Order; keep it as a tab, repeater, relationship, or child collection instead of a menu CRUD."
production,production_work_order_specifications,"مواصفات أوامر التشغيل","Work Order Specifications","/admin/production/work-order-specifications [admin.production.work-order-specifications.index]",UI_SHELL_ONLY_EMPTY_DATASET,MERGE_INTO_PARENT,"Work Order",false,false,P0,"Subordinate data for Work Order; keep it as a tab, repeater, relationship, or child collection instead of a menu CRUD."
production,production_work_order_attachments,"مرفقات أوامر التشغيل","Work Order Attachments","/admin/production/work-order-attachments [admin.production.work-order-attachments.index]",UI_SHELL_ONLY_EMPTY_DATASET,MERGE_INTO_PARENT,"Work Order",false,false,P0,"Subordinate data for Work Order; keep it as a tab, repeater, relationship, or child collection instead of a menu CRUD."
production,production_work_order_approval,"اعتماد أمر التشغيل","Work Order Approval","/admin/production/work-order-approval [admin.production.work-order-approval.index]",UI_SHELL_ONLY_EMPTY_DATASET,WORKFLOW_ACTION,"Work Order",false,false,P0,"This changes state or generates a downstream document from Work Order; persist an audited transition/event, not a standalone CRUD resource."
production,production_work_order_release,"إطلاق أمر التشغيل","Work Order Release","/admin/production/work-order-release [admin.production.work-order-release.index]",UI_SHELL_ONLY_EMPTY_DATASET,WORKFLOW_ACTION,"Work Order",false,false,P0,"This changes state or generates a downstream document from Work Order; persist an audited transition/event, not a standalone CRUD resource."
production,production_work_order_start,"بدء أمر التشغيل","Work Order Start","/admin/production/work-order-start [admin.production.work-order-start.index]",UI_SHELL_ONLY_EMPTY_DATASET,WORKFLOW_ACTION,"Work Order",false,false,P0,"This changes state or generates a downstream document from Work Order; persist an audited transition/event, not a standalone CRUD resource."
production,production_work_order_pause,"إيقاف أمر التشغيل مؤقتا","Work Order Pause","/admin/production/work-order-pause [admin.production.work-order-pause.index]",UI_SHELL_ONLY_EMPTY_DATASET,WORKFLOW_ACTION,"Work Order",false,false,P0,"This changes state or generates a downstream document from Work Order; persist an audited transition/event, not a standalone CRUD resource."
production,production_work_order_resume,"استئناف أمر التشغيل","Work Order Resume","/admin/production/work-order-resume [admin.production.work-order-resume.index]",UI_SHELL_ONLY_EMPTY_DATASET,WORKFLOW_ACTION,"Work Order",false,false,P0,"This changes state or generates a downstream document from Work Order; persist an audited transition/event, not a standalone CRUD resource."
production,production_work_order_completion,"إتمام أمر التشغيل","Work Order Completion","/admin/production/work-order-completion [admin.production.work-order-completion.index]",UI_SHELL_ONLY_EMPTY_DATASET,WORKFLOW_ACTION,"Work Order",false,false,P0,"This changes state or generates a downstream document from Work Order; persist an audited transition/event, not a standalone CRUD resource."
production,production_work_order_closing,"إغلاق أمر التشغيل","Work Order Closing","/admin/production/work-order-closing [admin.production.work-order-closing.index]",UI_SHELL_ONLY_EMPTY_DATASET,WORKFLOW_ACTION,"Work Order",false,false,P0,"This changes state or generates a downstream document from Work Order; persist an audited transition/event, not a standalone CRUD resource."
production,production_production_batch_orders,"أوامر تشغيل الدفعات","Production Batch Orders","/admin/production/production-batch-orders [admin.production.production-batch-orders.index]",UI_SHELL_ONLY_EMPTY_DATASET,DUPLICATE,"Work Order with batch/lot policy",false,false,P1,"Responsibility is canonically owned by Work Order with batch/lot policy; a second resource would split traceability and permissions."
production,production_batch_material_requirements,"احتياجات خامات الدفعات","Batch Material Requirements","/admin/production/batch-material-requirements [admin.production.batch-material-requirements.index]",UI_SHELL_ONLY_EMPTY_DATASET,MERGE_INTO_PARENT,"Work Order material requirements",false,false,P0,"Subordinate data for Work Order material requirements; keep it as a tab, repeater, relationship, or child collection instead of a menu CRUD."
production,production_material_requests,"طلبات الخامات","Material Requests","/admin/production/material-requests [admin.production.material-requests.index]",UI_SHELL_ONLY_EMPTY_DATASET,KEEP_STANDALONE,"Work Order Material Request",true,true,P0,"Independent master, transaction, planning workspace, or controlled document required by the target responsibility."
production,production_material_request_lines,"سطور طلبات الخامات","Material Request Lines","/admin/production/material-request-lines [admin.production.material-request-lines.index]",UI_SHELL_ONLY_EMPTY_DATASET,MERGE_INTO_PARENT,"Work Order Material Request",false,false,P0,"Subordinate data for Work Order Material Request; keep it as a tab, repeater, relationship, or child collection instead of a menu CRUD."
production,production_material_issue_request,"طلب صرف الخامات","Material Issue Request","/admin/production/material-issue-request [admin.production.material-issue-request.index]",UI_SHELL_ONLY_EMPTY_DATASET,WORKFLOW_ACTION,"Material Request creates Material Issue",false,false,P0,"This changes state or generates a downstream document from Material Request creates Material Issue; persist an audited transition/event, not a standalone CRUD resource."
production,production_material_consumption,"استهلاك الخامات","Material Consumption","/admin/production/material-consumption [admin.production.material-consumption.index]",UI_SHELL_ONLY_EMPTY_DATASET,HISTORY_OR_INQUIRY,"Work Order actual material consumption",true,false,P0,"Derived read-only view over Work Order actual material consumption; it must not own authoritative transaction rows."
production,production_production_output_receipt,"استلام ناتج الإنتاج","Production Output Receipt","/admin/production/production-output-receipt [admin.production.production-output-receipt.index]",UI_SHELL_ONLY_EMPTY_DATASET,KEEP_STANDALONE,"Production Output",true,true,P0,"Independent master, transaction, planning workspace, or controlled document required by the target responsibility."
production,production_production_output_lines,"سطور ناتج الإنتاج","Production Output Lines","/admin/production/production-output-lines [admin.production.production-output-lines.index]",UI_SHELL_ONLY_EMPTY_DATASET,MERGE_INTO_PARENT,"Production Output",false,false,P0,"Subordinate data for Production Output; keep it as a tab, repeater, relationship, or child collection instead of a menu CRUD."
production,production_semi_finished_output,"ناتج نصف مصنع","Semi-Finished Output","/admin/production/semi-finished-output [admin.production.semi-finished-output.index]",UI_SHELL_ONLY_EMPTY_DATASET,DUPLICATE,"Production Output typed as semi-finished/finished",false,false,P0,"Responsibility is canonically owned by Production Output typed as semi-finished/finished; a second resource would split traceability and permissions."
production,production_finished_goods_output,"ناتج تام الصنع","Finished Goods Output","/admin/production/finished-goods-output [admin.production.finished-goods-output.index]",UI_SHELL_ONLY_EMPTY_DATASET,DUPLICATE,"Production Output typed as semi-finished/finished",false,false,P0,"Responsibility is canonically owned by Production Output typed as semi-finished/finished; a second resource would split traceability and permissions."
production,production_production_scrap,"هالك الإنتاج","Production Scrap","/admin/production/production-scrap [admin.production.production-scrap.index]",UI_SHELL_ONLY_EMPTY_DATASET,MERGE_INTO_PARENT,"Production Output / Quality disposition",false,false,P0,"Subordinate data for Production Output / Quality disposition; keep it as a tab, repeater, relationship, or child collection instead of a menu CRUD."
production,production_production_waste,"فاقد الإنتاج","Production Waste","/admin/production/production-waste [admin.production.production-waste.index]",UI_SHELL_ONLY_EMPTY_DATASET,MERGE_INTO_PARENT,"Production Output / Quality disposition",false,false,P0,"Subordinate data for Production Output / Quality disposition; keep it as a tab, repeater, relationship, or child collection instead of a menu CRUD."
production,production_production_rework,"إعادة تشغيل الإنتاج","Production Rework","/admin/production/production-rework [admin.production.production-rework.index]",UI_SHELL_ONLY_EMPTY_DATASET,MERGE_INTO_PARENT,"Production Output / Quality disposition",false,false,P0,"Subordinate data for Production Output / Quality disposition; keep it as a tab, repeater, relationship, or child collection instead of a menu CRUD."
production,production_rework_orders,"أوامر إعادة التشغيل","Rework Orders","/admin/production/rework-orders [admin.production.rework-orders.index]",UI_SHELL_ONLY_EMPTY_DATASET,DUPLICATE,"Work Order with rework type/source",false,false,P1,"Responsibility is canonically owned by Work Order with rework type/source; a second resource would split traceability and permissions."
production,production_shift_production_entry,"إدخال إنتاج الوردية","Shift Production Entry","/admin/production/shift-production-entry [admin.production.shift-production-entry.index]",UI_SHELL_ONLY_EMPTY_DATASET,MERGE_INTO_PARENT,"Production Execution Workspace",false,false,P0,"Subordinate data for Production Execution Workspace; keep it as a tab, repeater, relationship, or child collection instead of a menu CRUD."
production,production_machine_production_entry,"إدخال إنتاج الماكينة","Machine Production Entry","/admin/production/machine-production-entry [admin.production.machine-production-entry.index]",UI_SHELL_ONLY_EMPTY_DATASET,MERGE_INTO_PARENT,"Production Execution Workspace",false,false,P0,"Subordinate data for Production Execution Workspace; keep it as a tab, repeater, relationship, or child collection instead of a menu CRUD."
production,production_mold_change_entry,"إدخال تغيير الاسطمبة","Mold Change Entry","/admin/production/mold-change-entry [admin.production.mold-change-entry.index]",UI_SHELL_ONLY_EMPTY_DATASET,MERGE_INTO_PARENT,"Production Execution Workspace",false,false,P0,"Subordinate data for Production Execution Workspace; keep it as a tab, repeater, relationship, or child collection instead of a menu CRUD."
production,production_production_downtime,"توقف الإنتاج","Production Downtime","/admin/production/production-downtime [admin.production.production-downtime.index]",UI_SHELL_ONLY_EMPTY_DATASET,MERGE_INTO_PARENT,"Production Execution event log",false,false,P1,"Subordinate data for Production Execution event log; keep it as a tab, repeater, relationship, or child collection instead of a menu CRUD."
production,production_production_stops,"توقفات الإنتاج","Production Stops","/admin/production/production-stops [admin.production.production-stops.index]",UI_SHELL_ONLY_EMPTY_DATASET,MERGE_INTO_PARENT,"Production Execution event log",false,false,P1,"Subordinate data for Production Execution event log; keep it as a tab, repeater, relationship, or child collection instead of a menu CRUD."
production,production_production_delays,"تأخيرات الإنتاج","Production Delays","/admin/production/production-delays [admin.production.production-delays.index]",UI_SHELL_ONLY_EMPTY_DATASET,MERGE_INTO_PARENT,"Production Execution event log",false,false,P1,"Subordinate data for Production Execution event log; keep it as a tab, repeater, relationship, or child collection instead of a menu CRUD."
production,production_production_employee_allocation,"تخصيص موظفي الإنتاج","Production Employee Allocation","/admin/production/production-employee-allocation [admin.production.production-employee-allocation.index]",UI_SHELL_ONLY_EMPTY_DATASET,MERGE_INTO_PARENT,"Production Execution event log",false,false,P1,"Subordinate data for Production Execution event log; keep it as a tab, repeater, relationship, or child collection instead of a menu CRUD."
production,production_production_notes,"ملاحظات الإنتاج","Production Notes","/admin/production/production-notes [admin.production.production-notes.index]",UI_SHELL_ONLY_EMPTY_DATASET,MERGE_INTO_PARENT,"Production Execution event log",false,false,P1,"Subordinate data for Production Execution event log; keep it as a tab, repeater, relationship, or child collection instead of a menu CRUD."
production,production_production_checklist,"قائمة فحص الإنتاج","Production Checklist","/admin/production/production-checklist [admin.production.production-checklist.index]",UI_SHELL_ONLY_EMPTY_DATASET,MERGE_INTO_PARENT,"Production Execution event log",false,false,P1,"Subordinate data for Production Execution event log; keep it as a tab, repeater, relationship, or child collection instead of a menu CRUD."
production,production_project_allocation,"تخصيص المشروع","Project Allocation","/admin/production/project-allocation [admin.production.project-allocation.index]",UI_SHELL_ONLY_EMPTY_DATASET,REMOVE_FROM_PLASTIC,"Unsupported project/contract allocation architecture",false,false,P3,"Project/contract-oriented legacy concept unsupported by the confirmed Plastic Factory requirements."
production,production_contract_identifier_allocation,"تخصيص معرفات العقد","Contract Identifier Allocation","/admin/production/contract-identifier-allocation [admin.production.contract-identifier-allocation.index]",UI_SHELL_ONLY_EMPTY_DATASET,REMOVE_FROM_PLASTIC,"Unsupported project/contract allocation architecture",false,false,P3,"Project/contract-oriented legacy concept unsupported by the confirmed Plastic Factory requirements."
production,production_material_requirements_summary,"ملخص احتياجات الخامات","Material Requirements Summary","/admin/production/material-requirements-summary [admin.production.material-requirements-summary.index]",UI_SHELL_ONLY_EMPTY_DATASET,HISTORY_OR_INQUIRY,"Work Order requirements",true,false,P0,"Derived read-only view over Work Order requirements; it must not own authoritative transaction rows."
production,production_external_manufacturing_orders,"أوامر التصنيع الخارجي","External Manufacturing Orders","/admin/production/external-manufacturing-orders [admin.production.external-manufacturing-orders.index]",UI_SHELL_ONLY_EMPTY_DATASET,KEEP_STANDALONE,"External Manufacturing Order",true,true,P2,"Independent master, transaction, planning workspace, or controlled document required by the target responsibility."
production,production_external_manufacturing_materials,"خامات التصنيع الخارجي","External Manufacturing Materials","/admin/production/external-manufacturing-materials [admin.production.external-manufacturing-materials.index]",UI_SHELL_ONLY_EMPTY_DATASET,MERGE_INTO_PARENT,"External Manufacturing Order",false,false,P2,"Subordinate data for External Manufacturing Order; keep it as a tab, repeater, relationship, or child collection instead of a menu CRUD."
production,production_external_manufacturing_receipts,"استلامات التصنيع الخارجي","External Manufacturing Receipts","/admin/production/external-manufacturing-receipts [admin.production.external-manufacturing-receipts.index]",UI_SHELL_ONLY_EMPTY_DATASET,MERGE_INTO_PARENT,"External Manufacturing Order",false,false,P2,"Subordinate data for External Manufacturing Order; keep it as a tab, repeater, relationship, or child collection instead of a menu CRUD."
production,production_supplier_custody,"عهدة المورد","Supplier Custody","/admin/production/supplier-custody [admin.production.supplier-custody.index]",UI_SHELL_ONLY_EMPTY_DATASET,HISTORY_OR_INQUIRY,"External manufacturing supplier custody",true,false,P2,"Derived read-only view over External manufacturing supplier custody; it must not own authoritative transaction rows."
production,production_production_status_history,"سجل حالات الإنتاج","Production Status History","/admin/production/production-status-history [admin.production.production-status-history.index]",UI_SHELL_ONLY_EMPTY_DATASET,HISTORY_OR_INQUIRY,"Work Order / Production history",true,false,P0,"Derived read-only view over Work Order / Production history; it must not own authoritative transaction rows."
quality,quality_quality_settings,"إعدادات الجودة","Quality Settings","/admin/quality/quality-settings [admin.quality.quality-settings.index]",UI_SHELL_ONLY_EMPTY_DATASET,MERGE_INTO_PARENT,"Quality Settings",false,false,P1,"Subordinate data for Quality Settings; keep it as a tab, repeater, relationship, or child collection instead of a menu CRUD."
quality,quality_quality_standards,"معايير الجودة","Quality Standards","/admin/quality/quality-standards [admin.quality.quality-standards.index]",UI_SHELL_ONLY_EMPTY_DATASET,MERGE_INTO_PARENT,"Quality Settings",false,false,P1,"Subordinate data for Quality Settings; keep it as a tab, repeater, relationship, or child collection instead of a menu CRUD."
quality,quality_quality_parameters,"معاملات الجودة","Quality Parameters","/admin/quality/quality-parameters [admin.quality.quality-parameters.index]",UI_SHELL_ONLY_EMPTY_DATASET,MERGE_INTO_PARENT,"Quality Settings",false,false,P1,"Subordinate data for Quality Settings; keep it as a tab, repeater, relationship, or child collection instead of a menu CRUD."
quality,quality_quality_characteristics,"خصائص الجودة","Quality Characteristics","/admin/quality/quality-characteristics [admin.quality.quality-characteristics.index]",UI_SHELL_ONLY_EMPTY_DATASET,MERGE_INTO_PARENT,"Quality Settings",false,false,P1,"Subordinate data for Quality Settings; keep it as a tab, repeater, relationship, or child collection instead of a menu CRUD."
quality,quality_inspection_types,"أنواع الفحص","Inspection Types","/admin/quality/inspection-types [admin.quality.inspection-types.index]",UI_SHELL_ONLY_EMPTY_DATASET,KEEP_STANDALONE,"Inspection Type / Method setup",true,true,P1,"Independent master, transaction, planning workspace, or controlled document required by the target responsibility."
quality,quality_inspection_plans,"خطط الفحص","Inspection Plans","/admin/quality/inspection-plans [admin.quality.inspection-plans.index]",UI_SHELL_ONLY_EMPTY_DATASET,KEEP_STANDALONE,"Inspection Plan",true,true,P0,"Independent master, transaction, planning workspace, or controlled document required by the target responsibility."
quality,quality_sampling_plans,"خطط أخذ العينات","Sampling Plans","/admin/quality/sampling-plans [admin.quality.sampling-plans.index]",UI_SHELL_ONLY_EMPTY_DATASET,MERGE_INTO_PARENT,"Inspection Plan",false,false,P1,"Subordinate data for Inspection Plan; keep it as a tab, repeater, relationship, or child collection instead of a menu CRUD."
quality,quality_test_methods,"طرق الاختبار","Test Methods","/admin/quality/test-methods [admin.quality.test-methods.index]",UI_SHELL_ONLY_EMPTY_DATASET,KEEP_STANDALONE,"Inspection Type / Method setup",true,true,P1,"Independent master, transaction, planning workspace, or controlled document required by the target responsibility."
quality,quality_laboratory_tests,"اختبارات المعمل","Laboratory Tests","/admin/quality/laboratory-tests [admin.quality.laboratory-tests.index]",UI_SHELL_ONLY_EMPTY_DATASET,FUTURE_BACKLOG,"Laboratory Test transaction",false,true,P2,"Plausible ERP capability, but not confirmed for the immediate Plastic Factory execution path and not implemented beyond shell metadata."
quality,quality_incoming_material_inspection,"فحص الخامات الواردة","Incoming Material Inspection","/admin/quality/incoming-material-inspection [admin.quality.incoming-material-inspection.index]",UI_SHELL_ONLY_EMPTY_DATASET,REWORK,"Unified Quality Inspection transaction",true,true,P0,"Valid responsibility, but the generic shell CRUD lacks the required lifecycle, source links, snapshots, scoping, and audit semantics."
quality,quality_incoming_inspection_lines,"سطور فحص الوارد","Incoming Inspection Lines","/admin/quality/incoming-inspection-lines [admin.quality.incoming-inspection-lines.index]",UI_SHELL_ONLY_EMPTY_DATASET,MERGE_INTO_PARENT,"Quality Inspection",false,false,P0,"Subordinate data for Quality Inspection; keep it as a tab, repeater, relationship, or child collection instead of a menu CRUD."
quality,quality_goods_receipt_quality_inspection,"فحص جودة استلام البضاعة","Goods Receipt Quality Inspection","/admin/quality/goods-receipt-quality-inspection [admin.quality.goods-receipt-quality-inspection.index]",UI_SHELL_ONLY_EMPTY_DATASET,DUPLICATE,"Unified Quality Inspection selected by context/type",false,false,P0,"Responsibility is canonically owned by Unified Quality Inspection selected by context/type; a second resource would split traceability and permissions."
quality,quality_in_process_inspection,"الفحص أثناء التشغيل","In-Process Inspection","/admin/quality/in-process-inspection [admin.quality.in-process-inspection.index]",UI_SHELL_ONLY_EMPTY_DATASET,DUPLICATE,"Unified Quality Inspection selected by context/type",false,false,P0,"Responsibility is canonically owned by Unified Quality Inspection selected by context/type; a second resource would split traceability and permissions."
quality,quality_production_stage_inspection,"فحص مرحلة الإنتاج","Production Stage Inspection","/admin/quality/production-stage-inspection [admin.quality.production-stage-inspection.index]",UI_SHELL_ONLY_EMPTY_DATASET,DUPLICATE,"Unified Quality Inspection selected by context/type",false,false,P0,"Responsibility is canonically owned by Unified Quality Inspection selected by context/type; a second resource would split traceability and permissions."
quality,quality_finished_goods_inspection,"فحص الإنتاج التام","Finished Goods Inspection","/admin/quality/finished-goods-inspection [admin.quality.finished-goods-inspection.index]",UI_SHELL_ONLY_EMPTY_DATASET,DUPLICATE,"Unified Quality Inspection selected by context/type",false,false,P0,"Responsibility is canonically owned by Unified Quality Inspection selected by context/type; a second resource would split traceability and permissions."
quality,quality_packaging_inspection,"فحص التعبئة","Packaging Inspection","/admin/quality/packaging-inspection [admin.quality.packaging-inspection.index]",UI_SHELL_ONLY_EMPTY_DATASET,DUPLICATE,"Unified Quality Inspection selected by context/type",false,false,P0,"Responsibility is canonically owned by Unified Quality Inspection selected by context/type; a second resource would split traceability and permissions."
quality,quality_pre_delivery_inspection,"الفحص قبل التسليم","Pre-Delivery Inspection","/admin/quality/pre-delivery-inspection [admin.quality.pre-delivery-inspection.index]",UI_SHELL_ONLY_EMPTY_DATASET,DUPLICATE,"Unified Quality Inspection selected by context/type",false,false,P0,"Responsibility is canonically owned by Unified Quality Inspection selected by context/type; a second resource would split traceability and permissions."
quality,quality_quality_hold,"إيقاف الجودة","Quality Hold","/admin/quality/quality-hold [admin.quality.quality-hold.index]",UI_SHELL_ONLY_EMPTY_DATASET,WORKFLOW_ACTION,"Quality Inspection / Stock Disposition",false,false,P0,"This changes state or generates a downstream document from Quality Inspection / Stock Disposition; persist an audited transition/event, not a standalone CRUD resource."
quality,quality_quality_release,"إفراج الجودة","Quality Release","/admin/quality/quality-release [admin.quality.quality-release.index]",UI_SHELL_ONLY_EMPTY_DATASET,WORKFLOW_ACTION,"Quality Inspection / Stock Disposition",false,false,P0,"This changes state or generates a downstream document from Quality Inspection / Stock Disposition; persist an audited transition/event, not a standalone CRUD resource."
quality,quality_quality_rejection,"رفض الجودة","Quality Rejection","/admin/quality/quality-rejection [admin.quality.quality-rejection.index]",UI_SHELL_ONLY_EMPTY_DATASET,WORKFLOW_ACTION,"Quality Inspection / Stock Disposition",false,false,P0,"This changes state or generates a downstream document from Quality Inspection / Stock Disposition; persist an audited transition/event, not a standalone CRUD resource."
quality,quality_non_conformance_reports,"تقارير عدم المطابقة","Non-Conformance Reports","/admin/quality/non-conformance-reports [admin.quality.non-conformance-reports.index]",UI_SHELL_ONLY_EMPTY_DATASET,KEEP_STANDALONE,"Non-Conformance / CAPA",true,true,P1,"Independent master, transaction, planning workspace, or controlled document required by the target responsibility."
quality,quality_non_conformance_lines,"سطور عدم المطابقة","Non-Conformance Lines","/admin/quality/non-conformance-lines [admin.quality.non-conformance-lines.index]",UI_SHELL_ONLY_EMPTY_DATASET,MERGE_INTO_PARENT,"Non-Conformance / CAPA",false,false,P1,"Subordinate data for Non-Conformance / CAPA; keep it as a tab, repeater, relationship, or child collection instead of a menu CRUD."
quality,quality_corrective_actions,"الإجراءات التصحيحية","Corrective Actions","/admin/quality/corrective-actions [admin.quality.corrective-actions.index]",UI_SHELL_ONLY_EMPTY_DATASET,MERGE_INTO_PARENT,"Non-Conformance / CAPA",false,false,P1,"Subordinate data for Non-Conformance / CAPA; keep it as a tab, repeater, relationship, or child collection instead of a menu CRUD."
quality,quality_preventive_actions,"الإجراءات الوقائية","Preventive Actions","/admin/quality/preventive-actions [admin.quality.preventive-actions.index]",UI_SHELL_ONLY_EMPTY_DATASET,MERGE_INTO_PARENT,"Non-Conformance / CAPA",false,false,P1,"Subordinate data for Non-Conformance / CAPA; keep it as a tab, repeater, relationship, or child collection instead of a menu CRUD."
quality,quality_capa_follow_up,"متابعة الإجراءات التصحيحية والوقائية","CAPA Follow-up","/admin/quality/capa-follow-up [admin.quality.capa-follow-up.index]",UI_SHELL_ONLY_EMPTY_DATASET,MERGE_INTO_PARENT,"Non-Conformance / CAPA",false,false,P1,"Subordinate data for Non-Conformance / CAPA; keep it as a tab, repeater, relationship, or child collection instead of a menu CRUD."
quality,quality_rework_approval,"اعتماد إعادة التشغيل","Rework Approval","/admin/quality/rework-approval [admin.quality.rework-approval.index]",UI_SHELL_ONLY_EMPTY_DATASET,WORKFLOW_ACTION,"Quality Inspection / Stock Disposition",false,false,P0,"This changes state or generates a downstream document from Quality Inspection / Stock Disposition; persist an audited transition/event, not a standalone CRUD resource."
quality,quality_scrap_approval,"اعتماد الهالك","Scrap Approval","/admin/quality/scrap-approval [admin.quality.scrap-approval.index]",UI_SHELL_ONLY_EMPTY_DATASET,WORKFLOW_ACTION,"Quality Inspection / Stock Disposition",false,false,P0,"This changes state or generates a downstream document from Quality Inspection / Stock Disposition; persist an audited transition/event, not a standalone CRUD resource."
quality,quality_customer_quality_complaint,"شكوى جودة من العميل","Customer Quality Complaint","/admin/quality/customer-quality-complaint [admin.quality.customer-quality-complaint.index]",UI_SHELL_ONLY_EMPTY_DATASET,DUPLICATE,"Customer/Supplier Complaint linked to NCR",false,false,P1,"Responsibility is canonically owned by Customer/Supplier Complaint linked to NCR; a second resource would split traceability and permissions."
quality,quality_supplier_quality_complaint,"شكوى جودة للمورد","Supplier Quality Complaint","/admin/quality/supplier-quality-complaint [admin.quality.supplier-quality-complaint.index]",UI_SHELL_ONLY_EMPTY_DATASET,DUPLICATE,"Customer/Supplier Complaint linked to NCR",false,false,P1,"Responsibility is canonically owned by Customer/Supplier Complaint linked to NCR; a second resource would split traceability and permissions."
quality,quality_quality_certificates,"شهادات الجودة","Quality Certificates","/admin/quality/quality-certificates [admin.quality.quality-certificates.index]",UI_SHELL_ONLY_EMPTY_DATASET,MERGE_INTO_PARENT,"Quality Inspection / Lot documentation",false,false,P2,"Subordinate data for Quality Inspection / Lot documentation; keep it as a tab, repeater, relationship, or child collection instead of a menu CRUD."
quality,quality_certificate_of_analysis,"شهادة التحليل","Certificate of Analysis","/admin/quality/certificate-of-analysis [admin.quality.certificate-of-analysis.index]",UI_SHELL_ONLY_EMPTY_DATASET,MERGE_INTO_PARENT,"Quality Inspection / Lot documentation",false,false,P2,"Subordinate data for Quality Inspection / Lot documentation; keep it as a tab, repeater, relationship, or child collection instead of a menu CRUD."
quality,quality_test_result_entry,"إدخال نتائج الاختبار","Test Result Entry","/admin/quality/test-result-entry [admin.quality.test-result-entry.index]",UI_SHELL_ONLY_EMPTY_DATASET,MERGE_INTO_PARENT,"Quality Inspection",false,false,P0,"Subordinate data for Quality Inspection; keep it as a tab, repeater, relationship, or child collection instead of a menu CRUD."
quality,quality_inspection_result_entry,"إدخال نتائج الفحص","Inspection Result Entry","/admin/quality/inspection-result-entry [admin.quality.inspection-result-entry.index]",UI_SHELL_ONLY_EMPTY_DATASET,MERGE_INTO_PARENT,"Quality Inspection",false,false,P0,"Subordinate data for Quality Inspection; keep it as a tab, repeater, relationship, or child collection instead of a menu CRUD."
quality,quality_quality_audit_plans,"خطط مراجعة الجودة","Quality Audit Plans","/admin/quality/quality-audit-plans [admin.quality.quality-audit-plans.index]",UI_SHELL_ONLY_EMPTY_DATASET,KEEP_STANDALONE,"Quality Audit",true,true,P2,"Independent master, transaction, planning workspace, or controlled document required by the target responsibility."
quality,quality_internal_quality_audits,"مراجعات الجودة الداخلية","Internal Quality Audits","/admin/quality/internal-quality-audits [admin.quality.internal-quality-audits.index]",UI_SHELL_ONLY_EMPTY_DATASET,KEEP_STANDALONE,"Quality Audit",true,true,P2,"Independent master, transaction, planning workspace, or controlled document required by the target responsibility."
quality,quality_quality_audit_findings,"ملاحظات مراجعة الجودة","Quality Audit Findings","/admin/quality/quality-audit-findings [admin.quality.quality-audit-findings.index]",UI_SHELL_ONLY_EMPTY_DATASET,MERGE_INTO_PARENT,"Quality Audit",false,false,P2,"Subordinate data for Quality Audit; keep it as a tab, repeater, relationship, or child collection instead of a menu CRUD."
quality,quality_calibration_requirements,"متطلبات المعايرة","Calibration Requirements","/admin/quality/calibration-requirements [admin.quality.calibration-requirements.index]",UI_SHELL_ONLY_EMPTY_DATASET,REWORK,"Calibration Plan / Certificate",true,true,P2,"Valid responsibility, but the generic shell CRUD lacks the required lifecycle, source links, snapshots, scoping, and audit semantics."
quality,quality_calibration_certificates,"شهادات المعايرة","Calibration Certificates","/admin/quality/calibration-certificates [admin.quality.calibration-certificates.index]",UI_SHELL_ONLY_EMPTY_DATASET,REWORK,"Calibration Plan / Certificate",true,true,P2,"Valid responsibility, but the generic shell CRUD lacks the required lifecycle, source links, snapshots, scoping, and audit semantics."
quality,quality_quality_history,"سجل الجودة","Quality History","/admin/quality/quality-history [admin.quality.quality-history.index]",UI_SHELL_ONLY_EMPTY_DATASET,HISTORY_OR_INQUIRY,"Quality history",true,false,P1,"Derived read-only view over Quality history; it must not own authoritative transaction rows."
maintenance,maintenance_maintenance_settings,"إعدادات الصيانة","Maintenance Settings","/admin/maintenance/maintenance-settings [admin.maintenance.maintenance-settings.index]",UI_SHELL_ONLY_EMPTY_DATASET,MERGE_INTO_PARENT,"Maintenance Settings",false,false,P1,"Subordinate data for Maintenance Settings; keep it as a tab, repeater, relationship, or child collection instead of a menu CRUD."
maintenance,maintenance_maintenance_asset_types,"أنواع أصول الصيانة","Maintenance Asset Types","/admin/maintenance/maintenance-asset-types [admin.maintenance.maintenance-asset-types.index]",UI_SHELL_ONLY_EMPTY_DATASET,MERGE_INTO_PARENT,"Maintenance Settings",false,false,P1,"Subordinate data for Maintenance Settings; keep it as a tab, repeater, relationship, or child collection instead of a menu CRUD."
maintenance,maintenance_machine_register,"سجل الماكينات","Machine Register","/admin/maintenance/machine-register [admin.maintenance.machine-register.index]",UI_SHELL_ONLY_EMPTY_DATASET,DUPLICATE,"Canonical Machine Master",false,false,P0,"Responsibility is canonically owned by Canonical Machine Master; a second resource would split traceability and permissions."
maintenance,maintenance_mold_register,"سجل الاسطمبات","Mold Register","/admin/maintenance/mold-register [admin.maintenance.mold-register.index]",UI_SHELL_ONLY_EMPTY_DATASET,DUPLICATE,"Canonical Mold Master",false,false,P0,"Responsibility is canonically owned by Canonical Mold Master; a second resource would split traceability and permissions."
maintenance,maintenance_tool_register,"سجل العدد","Tool Register","/admin/maintenance/tool-register [admin.maintenance.tool-register.index]",UI_SHELL_ONLY_EMPTY_DATASET,REWORK,"Tool / Spare Part item and maintenance asset",true,true,P1,"Valid responsibility, but the generic shell CRUD lacks the required lifecycle, source links, snapshots, scoping, and audit semantics."
maintenance,maintenance_spare_parts_register,"سجل قطع الغيار","Spare Parts Register","/admin/maintenance/spare-parts-register [admin.maintenance.spare-parts-register.index]",UI_SHELL_ONLY_EMPTY_DATASET,REWORK,"Tool / Spare Part item and maintenance asset",true,true,P1,"Valid responsibility, but the generic shell CRUD lacks the required lifecycle, source links, snapshots, scoping, and audit semantics."
maintenance,maintenance_maintenance_departments,"إدارات الصيانة","Maintenance Departments","/admin/maintenance/maintenance-departments [admin.maintenance.maintenance-departments.index]",UI_SHELL_ONLY_EMPTY_DATASET,MERGE_INTO_PARENT,"Maintenance Settings",false,false,P1,"Subordinate data for Maintenance Settings; keep it as a tab, repeater, relationship, or child collection instead of a menu CRUD."
maintenance,maintenance_maintenance_teams,"فرق الصيانة","Maintenance Teams","/admin/maintenance/maintenance-teams [admin.maintenance.maintenance-teams.index]",UI_SHELL_ONLY_EMPTY_DATASET,MERGE_INTO_PARENT,"Maintenance Settings",false,false,P1,"Subordinate data for Maintenance Settings; keep it as a tab, repeater, relationship, or child collection instead of a menu CRUD."
maintenance,maintenance_technicians,الفنيون,Technicians,"/admin/maintenance/technicians [admin.maintenance.technicians.index]",UI_SHELL_ONLY_EMPTY_DATASET,MERGE_INTO_PARENT,"Maintenance Settings",false,false,P1,"Subordinate data for Maintenance Settings; keep it as a tab, repeater, relationship, or child collection instead of a menu CRUD."
maintenance,maintenance_maintenance_priorities,"أولويات الصيانة","Maintenance Priorities","/admin/maintenance/maintenance-priorities [admin.maintenance.maintenance-priorities.index]",UI_SHELL_ONLY_EMPTY_DATASET,MERGE_INTO_PARENT,"Maintenance Settings",false,false,P1,"Subordinate data for Maintenance Settings; keep it as a tab, repeater, relationship, or child collection instead of a menu CRUD."
maintenance,maintenance_failure_types,"أنواع الأعطال","Failure Types","/admin/maintenance/failure-types [admin.maintenance.failure-types.index]",UI_SHELL_ONLY_EMPTY_DATASET,MERGE_INTO_PARENT,"Maintenance Settings",false,false,P1,"Subordinate data for Maintenance Settings; keep it as a tab, repeater, relationship, or child collection instead of a menu CRUD."
maintenance,maintenance_failure_causes,"أسباب الأعطال","Failure Causes","/admin/maintenance/failure-causes [admin.maintenance.failure-causes.index]",UI_SHELL_ONLY_EMPTY_DATASET,MERGE_INTO_PARENT,"Maintenance Settings",false,false,P1,"Subordinate data for Maintenance Settings; keep it as a tab, repeater, relationship, or child collection instead of a menu CRUD."
maintenance,maintenance_maintenance_request,"طلب صيانة","Maintenance Request","/admin/maintenance/maintenance-request [admin.maintenance.maintenance-request.index]",UI_SHELL_ONLY_EMPTY_DATASET,KEEP_STANDALONE,"Maintenance Request",true,true,P1,"Independent master, transaction, planning workspace, or controlled document required by the target responsibility."
maintenance,maintenance_breakdown_request,"طلب عطل","Breakdown Request","/admin/maintenance/breakdown-request [admin.maintenance.breakdown-request.index]",UI_SHELL_ONLY_EMPTY_DATASET,DUPLICATE,"Maintenance Request with request type/priority",false,false,P1,"Responsibility is canonically owned by Maintenance Request with request type/priority; a second resource would split traceability and permissions."
maintenance,maintenance_preventive_maintenance_request,"طلب صيانة وقائية","Preventive Maintenance Request","/admin/maintenance/preventive-maintenance-request [admin.maintenance.preventive-maintenance-request.index]",UI_SHELL_ONLY_EMPTY_DATASET,DUPLICATE,"Maintenance Request with request type/priority",false,false,P1,"Responsibility is canonically owned by Maintenance Request with request type/priority; a second resource would split traceability and permissions."
maintenance,maintenance_corrective_maintenance_request,"طلب صيانة تصحيحية","Corrective Maintenance Request","/admin/maintenance/corrective-maintenance-request [admin.maintenance.corrective-maintenance-request.index]",UI_SHELL_ONLY_EMPTY_DATASET,DUPLICATE,"Maintenance Request with request type/priority",false,false,P1,"Responsibility is canonically owned by Maintenance Request with request type/priority; a second resource would split traceability and permissions."
maintenance,maintenance_emergency_maintenance_request,"طلب صيانة طارئة","Emergency Maintenance Request","/admin/maintenance/emergency-maintenance-request [admin.maintenance.emergency-maintenance-request.index]",UI_SHELL_ONLY_EMPTY_DATASET,DUPLICATE,"Maintenance Request with request type/priority",false,false,P1,"Responsibility is canonically owned by Maintenance Request with request type/priority; a second resource would split traceability and permissions."
maintenance,maintenance_maintenance_work_orders,"أوامر عمل الصيانة","Maintenance Work Orders","/admin/maintenance/maintenance-work-orders [admin.maintenance.maintenance-work-orders.index]",UI_SHELL_ONLY_EMPTY_DATASET,KEEP_STANDALONE,"Maintenance Work Order",true,true,P1,"Independent master, transaction, planning workspace, or controlled document required by the target responsibility."
maintenance,maintenance_maintenance_work_order_lines,"سطور أوامر عمل الصيانة","Maintenance Work Order Lines","/admin/maintenance/maintenance-work-order-lines [admin.maintenance.maintenance-work-order-lines.index]",UI_SHELL_ONLY_EMPTY_DATASET,MERGE_INTO_PARENT,"Maintenance Work Order",false,false,P1,"Subordinate data for Maintenance Work Order; keep it as a tab, repeater, relationship, or child collection instead of a menu CRUD."
maintenance,maintenance_maintenance_tasks,"مهام الصيانة","Maintenance Tasks","/admin/maintenance/maintenance-tasks [admin.maintenance.maintenance-tasks.index]",UI_SHELL_ONLY_EMPTY_DATASET,MERGE_INTO_PARENT,"Maintenance Work Order",false,false,P1,"Subordinate data for Maintenance Work Order; keep it as a tab, repeater, relationship, or child collection instead of a menu CRUD."
maintenance,maintenance_maintenance_checklists,"قوائم فحص الصيانة","Maintenance Checklists","/admin/maintenance/maintenance-checklists [admin.maintenance.maintenance-checklists.index]",UI_SHELL_ONLY_EMPTY_DATASET,MERGE_INTO_PARENT,"Maintenance Work Order",false,false,P1,"Subordinate data for Maintenance Work Order; keep it as a tab, repeater, relationship, or child collection instead of a menu CRUD."
maintenance,maintenance_maintenance_labor,"عمالة الصيانة","Maintenance Labor","/admin/maintenance/maintenance-labor [admin.maintenance.maintenance-labor.index]",UI_SHELL_ONLY_EMPTY_DATASET,MERGE_INTO_PARENT,"Maintenance Work Order",false,false,P1,"Subordinate data for Maintenance Work Order; keep it as a tab, repeater, relationship, or child collection instead of a menu CRUD."
maintenance,maintenance_maintenance_spare_parts,"قطع غيار الصيانة","Maintenance Spare Parts","/admin/maintenance/maintenance-spare-parts [admin.maintenance.maintenance-spare-parts.index]",UI_SHELL_ONLY_EMPTY_DATASET,MERGE_INTO_PARENT,"Maintenance Work Order",false,false,P1,"Subordinate data for Maintenance Work Order; keep it as a tab, repeater, relationship, or child collection instead of a menu CRUD."
maintenance,maintenance_spare_part_issue,"صرف قطع الغيار","Spare Part Issue","/admin/maintenance/spare-part-issue [admin.maintenance.spare-part-issue.index]",UI_SHELL_ONLY_EMPTY_DATASET,WORKFLOW_ACTION,"Maintenance Work Order creates inventory issue/return",false,false,P1,"This changes state or generates a downstream document from Maintenance Work Order creates inventory issue/return; persist an audited transition/event, not a standalone CRUD resource."
maintenance,maintenance_spare_part_return,"مرتجع قطع الغيار","Spare Part Return","/admin/maintenance/spare-part-return [admin.maintenance.spare-part-return.index]",UI_SHELL_ONLY_EMPTY_DATASET,WORKFLOW_ACTION,"Maintenance Work Order creates inventory issue/return",false,false,P1,"This changes state or generates a downstream document from Maintenance Work Order creates inventory issue/return; persist an audited transition/event, not a standalone CRUD resource."
maintenance,maintenance_preventive_maintenance_plans,"خطط الصيانة الوقائية","Preventive Maintenance Plans","/admin/maintenance/preventive-maintenance-plans [admin.maintenance.preventive-maintenance-plans.index]",UI_SHELL_ONLY_EMPTY_DATASET,KEEP_STANDALONE,"Preventive Maintenance Plan",true,true,P1,"Independent master, transaction, planning workspace, or controlled document required by the target responsibility."
maintenance,maintenance_preventive_maintenance_schedule,"جدول الصيانة الوقائية","Preventive Maintenance Schedule","/admin/maintenance/preventive-maintenance-schedule [admin.maintenance.preventive-maintenance-schedule.index]",UI_SHELL_ONLY_EMPTY_DATASET,DUPLICATE,"Preventive Maintenance calendar views",false,false,P2,"Responsibility is canonically owned by Preventive Maintenance calendar views; a second resource would split traceability and permissions."
maintenance,maintenance_daily_maintenance_schedule,"جدول الصيانة اليومي","Daily Maintenance Schedule","/admin/maintenance/daily-maintenance-schedule [admin.maintenance.daily-maintenance-schedule.index]",UI_SHELL_ONLY_EMPTY_DATASET,DUPLICATE,"Preventive Maintenance calendar views",false,false,P2,"Responsibility is canonically owned by Preventive Maintenance calendar views; a second resource would split traceability and permissions."
maintenance,maintenance_weekly_maintenance_schedule,"جدول الصيانة الأسبوعي","Weekly Maintenance Schedule","/admin/maintenance/weekly-maintenance-schedule [admin.maintenance.weekly-maintenance-schedule.index]",UI_SHELL_ONLY_EMPTY_DATASET,DUPLICATE,"Preventive Maintenance calendar views",false,false,P2,"Responsibility is canonically owned by Preventive Maintenance calendar views; a second resource would split traceability and permissions."
maintenance,maintenance_monthly_maintenance_schedule,"جدول الصيانة الشهري","Monthly Maintenance Schedule","/admin/maintenance/monthly-maintenance-schedule [admin.maintenance.monthly-maintenance-schedule.index]",UI_SHELL_ONLY_EMPTY_DATASET,DUPLICATE,"Preventive Maintenance calendar views",false,false,P2,"Responsibility is canonically owned by Preventive Maintenance calendar views; a second resource would split traceability and permissions."
maintenance,maintenance_machine_inspection,"فحص الماكينة","Machine Inspection","/admin/maintenance/machine-inspection [admin.maintenance.machine-inspection.index]",UI_SHELL_ONLY_EMPTY_DATASET,MERGE_INTO_PARENT,"Maintenance Work Order / Asset event history",false,false,P1,"Subordinate data for Maintenance Work Order / Asset event history; keep it as a tab, repeater, relationship, or child collection instead of a menu CRUD."
maintenance,maintenance_mold_inspection,"فحص الاسطمبة","Mold Inspection","/admin/maintenance/mold-inspection [admin.maintenance.mold-inspection.index]",UI_SHELL_ONLY_EMPTY_DATASET,MERGE_INTO_PARENT,"Maintenance Work Order / Asset event history",false,false,P1,"Subordinate data for Maintenance Work Order / Asset event history; keep it as a tab, repeater, relationship, or child collection instead of a menu CRUD."
maintenance,maintenance_tool_inspection,"فحص العدد","Tool Inspection","/admin/maintenance/tool-inspection [admin.maintenance.tool-inspection.index]",UI_SHELL_ONLY_EMPTY_DATASET,MERGE_INTO_PARENT,"Maintenance Work Order / Asset event history",false,false,P1,"Subordinate data for Maintenance Work Order / Asset event history; keep it as a tab, repeater, relationship, or child collection instead of a menu CRUD."
maintenance,maintenance_meter_readings,"قراءات العدادات","Meter Readings","/admin/maintenance/meter-readings [admin.maintenance.meter-readings.index]",UI_SHELL_ONLY_EMPTY_DATASET,MERGE_INTO_PARENT,"Maintenance Work Order / Asset event history",false,false,P1,"Subordinate data for Maintenance Work Order / Asset event history; keep it as a tab, repeater, relationship, or child collection instead of a menu CRUD."
maintenance,maintenance_operating_hours,"ساعات التشغيل","Operating Hours","/admin/maintenance/operating-hours [admin.maintenance.operating-hours.index]",UI_SHELL_ONLY_EMPTY_DATASET,MERGE_INTO_PARENT,"Maintenance Work Order / Asset event history",false,false,P1,"Subordinate data for Maintenance Work Order / Asset event history; keep it as a tab, repeater, relationship, or child collection instead of a menu CRUD."
maintenance,maintenance_maintenance_downtime,"توقفات الصيانة","Maintenance Downtime","/admin/maintenance/maintenance-downtime [admin.maintenance.maintenance-downtime.index]",UI_SHELL_ONLY_EMPTY_DATASET,MERGE_INTO_PARENT,"Maintenance Work Order / Asset event history",false,false,P1,"Subordinate data for Maintenance Work Order / Asset event history; keep it as a tab, repeater, relationship, or child collection instead of a menu CRUD."
maintenance,maintenance_machine_breakdown_history,"سجل أعطال الماكينات","Machine Breakdown History","/admin/maintenance/machine-breakdown-history [admin.maintenance.machine-breakdown-history.index]",UI_SHELL_ONLY_EMPTY_DATASET,HISTORY_OR_INQUIRY,"Maintenance asset history",true,false,P1,"Derived read-only view over Maintenance asset history; it must not own authoritative transaction rows."
maintenance,maintenance_mold_maintenance_history,"سجل صيانة الاسطمبات","Mold Maintenance History","/admin/maintenance/mold-maintenance-history [admin.maintenance.mold-maintenance-history.index]",UI_SHELL_ONLY_EMPTY_DATASET,HISTORY_OR_INQUIRY,"Maintenance asset history",true,false,P1,"Derived read-only view over Maintenance asset history; it must not own authoritative transaction rows."
maintenance,maintenance_tool_maintenance_history,"سجل صيانة العدد","Tool Maintenance History","/admin/maintenance/tool-maintenance-history [admin.maintenance.tool-maintenance-history.index]",UI_SHELL_ONLY_EMPTY_DATASET,HISTORY_OR_INQUIRY,"Maintenance asset history",true,false,P1,"Derived read-only view over Maintenance asset history; it must not own authoritative transaction rows."
maintenance,maintenance_calibration_schedule,"جدول المعايرة","Calibration Schedule","/admin/maintenance/calibration-schedule [admin.maintenance.calibration-schedule.index]",UI_SHELL_ONLY_EMPTY_DATASET,REWORK,"Calibration Plan",true,true,P2,"Valid responsibility, but the generic shell CRUD lacks the required lifecycle, source links, snapshots, scoping, and audit semantics."
maintenance,maintenance_calibration_entry,"إدخال المعايرة","Calibration Entry","/admin/maintenance/calibration-entry [admin.maintenance.calibration-entry.index]",UI_SHELL_ONLY_EMPTY_DATASET,MERGE_INTO_PARENT,"Calibration Plan / Inspection",false,false,P2,"Subordinate data for Calibration Plan / Inspection; keep it as a tab, repeater, relationship, or child collection instead of a menu CRUD."
maintenance,maintenance_maintenance_completion,"إتمام الصيانة","Maintenance Completion","/admin/maintenance/maintenance-completion [admin.maintenance.maintenance-completion.index]",UI_SHELL_ONLY_EMPTY_DATASET,WORKFLOW_ACTION,"Maintenance Work Order",false,false,P1,"This changes state or generates a downstream document from Maintenance Work Order; persist an audited transition/event, not a standalone CRUD resource."
maintenance,maintenance_maintenance_approval,"اعتماد الصيانة","Maintenance Approval","/admin/maintenance/maintenance-approval [admin.maintenance.maintenance-approval.index]",UI_SHELL_ONLY_EMPTY_DATASET,WORKFLOW_ACTION,"Maintenance Work Order",false,false,P1,"This changes state or generates a downstream document from Maintenance Work Order; persist an audited transition/event, not a standalone CRUD resource."
maintenance,maintenance_maintenance_closing,"إغلاق الصيانة","Maintenance Closing","/admin/maintenance/maintenance-closing [admin.maintenance.maintenance-closing.index]",UI_SHELL_ONLY_EMPTY_DATASET,WORKFLOW_ACTION,"Maintenance Work Order",false,false,P1,"This changes state or generates a downstream document from Maintenance Work Order; persist an audited transition/event, not a standalone CRUD resource."
maintenance,maintenance_external_maintenance,"الصيانة الخارجية","External Maintenance","/admin/maintenance/external-maintenance [admin.maintenance.external-maintenance.index]",UI_SHELL_ONLY_EMPTY_DATASET,DUPLICATE,"Maintenance Work Order with external execution",false,false,P2,"Responsibility is canonically owned by Maintenance Work Order with external execution; a second resource would split traceability and permissions."
maintenance,maintenance_maintenance_supplier_invoice_link,"ربط فاتورة مورد الصيانة","Maintenance Supplier Invoice Link","/admin/maintenance/maintenance-supplier-invoice-link [admin.maintenance.maintenance-supplier-invoice-link.index]",UI_SHELL_ONLY_EMPTY_DATASET,MERGE_INTO_PARENT,"Maintenance Work Order",false,false,P2,"Subordinate data for Maintenance Work Order; keep it as a tab, repeater, relationship, or child collection instead of a menu CRUD."
maintenance,maintenance_maintenance_attachments,"مرفقات الصيانة","Maintenance Attachments","/admin/maintenance/maintenance-attachments [admin.maintenance.maintenance-attachments.index]",UI_SHELL_ONLY_EMPTY_DATASET,MERGE_INTO_PARENT,"Maintenance Work Order",false,false,P2,"Subordinate data for Maintenance Work Order; keep it as a tab, repeater, relationship, or child collection instead of a menu CRUD."
maintenance,maintenance_maintenance_history,"سجل الصيانة","Maintenance History","/admin/maintenance/maintenance-history [admin.maintenance.maintenance-history.index]",UI_SHELL_ONLY_EMPTY_DATASET,HISTORY_OR_INQUIRY,"Maintenance asset history",true,false,P1,"Derived read-only view over Maintenance asset history; it must not own authoritative transaction rows."
finance,finance_bank_receipt_vouchers,"سندات قبض بنكية","Bank Receipt Vouchers","/admin/finance/bank-receipt-vouchers [admin.finance.bank-receipt-vouchers.index]",UI_SHELL_ONLY_EMPTY_DATASET,KEEP_STANDALONE,"Bank Receipt / Payment Voucher",true,true,P1,"Independent master, transaction, planning workspace, or controlled document required by the target responsibility."
finance,finance_bank_payment_vouchers,"سندات صرف بنكية","Bank Payment Vouchers","/admin/finance/bank-payment-vouchers [admin.finance.bank-payment-vouchers.index]",UI_SHELL_ONLY_EMPTY_DATASET,KEEP_STANDALONE,"Bank Receipt / Payment Voucher",true,true,P1,"Independent master, transaction, planning workspace, or controlled document required by the target responsibility."
finance,finance_cheque_replacement,"استبدال الشيك","Cheque Replacement","/admin/finance/cheque-replacement [admin.finance.cheque-replacement.index]",UI_SHELL_ONLY_EMPTY_DATASET,WORKFLOW_ACTION,Cheque,false,false,P2,"This changes state or generates a downstream document from Cheque; persist an audited transition/event, not a standalone CRUD resource."
finance,finance_cheque_movement_history,"سجل حركة الشيك","Cheque Movement History","/admin/finance/cheque-movement-history [admin.finance.cheque-movement-history.index]",UI_SHELL_ONLY_EMPTY_DATASET,HISTORY_OR_INQUIRY,Cheque,true,false,P1,"Derived read-only view over Cheque; it must not own authoritative transaction rows."
finance,finance_transfer_receipt,"استلام التحويل","Transfer Receipt","/admin/finance/transfer-receipt [admin.finance.transfer-receipt.index]",UI_SHELL_ONLY_EMPTY_DATASET,DUPLICATE,"Fund Transfer",false,false,P2,"Responsibility is canonically owned by Fund Transfer; a second resource would split traceability and permissions."
finance,finance_bank_reconciliation,"تسوية البنك","Bank Reconciliation","/admin/finance/bank-reconciliation [admin.finance.bank-reconciliation.index]",UI_SHELL_ONLY_EMPTY_DATASET,KEEP_STANDALONE,"Bank Reconciliation",true,true,P2,"Independent master, transaction, planning workspace, or controlled document required by the target responsibility."
finance,finance_bank_reconciliation_lines,"سطور تسوية البنك","Bank Reconciliation Lines","/admin/finance/bank-reconciliation-lines [admin.finance.bank-reconciliation-lines.index]",UI_SHELL_ONLY_EMPTY_DATASET,MERGE_INTO_PARENT,"Bank Reconciliation",false,false,P2,"Subordinate data for Bank Reconciliation; keep it as a tab, repeater, relationship, or child collection instead of a menu CRUD."
finance,finance_cashbox_count,"جرد الخزينة","Cashbox Count","/admin/finance/cashbox-count [admin.finance.cashbox-count.index]",UI_SHELL_ONLY_EMPTY_DATASET,KEEP_STANDALONE,"Cashbox Count",true,true,P2,"Independent master, transaction, planning workspace, or controlled document required by the target responsibility."
finance,finance_cashbox_closing,"إغلاق الخزينة","Cashbox Closing","/admin/finance/cashbox-closing [admin.finance.cashbox-closing.index]",UI_SHELL_ONLY_EMPTY_DATASET,WORKFLOW_ACTION,"Cashbox / Treasury close",false,false,P2,"This changes state or generates a downstream document from Cashbox / Treasury close; persist an audited transition/event, not a standalone CRUD resource."
finance,finance_daily_treasury_closing,"الإغلاق اليومي للخزينة","Daily Treasury Closing","/admin/finance/daily-treasury-closing [admin.finance.daily-treasury-closing.index]",UI_SHELL_ONLY_EMPTY_DATASET,WORKFLOW_ACTION,"Cashbox / Treasury close",false,false,P2,"This changes state or generates a downstream document from Cashbox / Treasury close; persist an audited transition/event, not a standalone CRUD resource."
finance,finance_customer_advances,"دفعات العملاء المقدمة","Customer Advances","/admin/finance/customer-advances [admin.finance.customer-advances.index]",UI_SHELL_ONLY_EMPTY_DATASET,KEEP_STANDALONE,"Advance / Receipt / Payment",true,true,P1,"Independent master, transaction, planning workspace, or controlled document required by the target responsibility."
finance,finance_supplier_advances,"دفعات الموردين المقدمة","Supplier Advances","/admin/finance/supplier-advances [admin.finance.supplier-advances.index]",UI_SHELL_ONLY_EMPTY_DATASET,KEEP_STANDALONE,"Advance / Receipt / Payment",true,true,P1,"Independent master, transaction, planning workspace, or controlled document required by the target responsibility."
finance,finance_customer_receipts,"متحصلات العملاء","Customer Receipts","/admin/finance/customer-receipts [admin.finance.customer-receipts.index]",UI_SHELL_ONLY_EMPTY_DATASET,KEEP_STANDALONE,"Advance / Receipt / Payment",true,true,P1,"Independent master, transaction, planning workspace, or controlled document required by the target responsibility."
finance,finance_supplier_payments,"مدفوعات الموردين","Supplier Payments","/admin/finance/supplier-payments [admin.finance.supplier-payments.index]",UI_SHELL_ONLY_EMPTY_DATASET,KEEP_STANDALONE,"Advance / Receipt / Payment",true,true,P1,"Independent master, transaction, planning workspace, or controlled document required by the target responsibility."
finance,finance_receipt_allocations,"تخصيص المتحصلات","Receipt Allocations","/admin/finance/receipt-allocations [admin.finance.receipt-allocations.index]",UI_SHELL_ONLY_EMPTY_DATASET,MERGE_INTO_PARENT,"Receipt / Payment",false,false,P1,"Subordinate data for Receipt / Payment; keep it as a tab, repeater, relationship, or child collection instead of a menu CRUD."
finance,finance_payment_allocations,"تخصيص المدفوعات","Payment Allocations","/admin/finance/payment-allocations [admin.finance.payment-allocations.index]",UI_SHELL_ONLY_EMPTY_DATASET,MERGE_INTO_PARENT,"Receipt / Payment",false,false,P1,"Subordinate data for Receipt / Payment; keep it as a tab, repeater, relationship, or child collection instead of a menu CRUD."
finance,finance_employee_custody,"عهد الموظفين","Employee Custody","/admin/finance/employee-custody [admin.finance.employee-custody.index]",UI_SHELL_ONLY_EMPTY_DATASET,FUTURE_BACKLOG,"Expense and custody workflow",false,true,P2,"Plausible ERP capability, but not confirmed for the immediate Plastic Factory execution path and not implemented beyond shell metadata."
finance,finance_custody_settlement,"تسوية العهدة","Custody Settlement","/admin/finance/custody-settlement [admin.finance.custody-settlement.index]",UI_SHELL_ONLY_EMPTY_DATASET,FUTURE_BACKLOG,"Expense and custody workflow",false,true,P2,"Plausible ERP capability, but not confirmed for the immediate Plastic Factory execution path and not implemented beyond shell metadata."
finance,finance_expense_requests,"طلبات المصروفات","Expense Requests","/admin/finance/expense-requests [admin.finance.expense-requests.index]",UI_SHELL_ONLY_EMPTY_DATASET,FUTURE_BACKLOG,"Expense and custody workflow",false,true,P2,"Plausible ERP capability, but not confirmed for the immediate Plastic Factory execution path and not implemented beyond shell metadata."
finance,finance_expense_vouchers,"سندات المصروفات","Expense Vouchers","/admin/finance/expense-vouchers [admin.finance.expense-vouchers.index]",UI_SHELL_ONLY_EMPTY_DATASET,FUTURE_BACKLOG,"Expense and custody workflow",false,true,P2,"Plausible ERP capability, but not confirmed for the immediate Plastic Factory execution path and not implemented beyond shell metadata."
finance,finance_petty_cash_requests,"طلبات النثرية","Petty Cash Requests","/admin/finance/petty-cash-requests [admin.finance.petty-cash-requests.index]",UI_SHELL_ONLY_EMPTY_DATASET,FUTURE_BACKLOG,"Expense and custody workflow",false,true,P2,"Plausible ERP capability, but not confirmed for the immediate Plastic Factory execution path and not implemented beyond shell metadata."
finance,finance_petty_cash_settlement,"تسوية النثرية","Petty Cash Settlement","/admin/finance/petty-cash-settlement [admin.finance.petty-cash-settlement.index]",UI_SHELL_ONLY_EMPTY_DATASET,FUTURE_BACKLOG,"Expense and custody workflow",false,true,P2,"Plausible ERP capability, but not confirmed for the immediate Plastic Factory execution path and not implemented beyond shell metadata."
finance,finance_payment_requests,"طلبات الدفع","Payment Requests","/admin/finance/payment-requests [admin.finance.payment-requests.index]",UI_SHELL_ONLY_EMPTY_DATASET,FUTURE_BACKLOG,"Expense and custody workflow",false,true,P2,"Plausible ERP capability, but not confirmed for the immediate Plastic Factory execution path and not implemented beyond shell metadata."
finance,finance_payment_approvals,"اعتمادات الدفع","Payment Approvals","/admin/finance/payment-approvals [admin.finance.payment-approvals.index]",UI_SHELL_ONLY_EMPTY_DATASET,WORKFLOW_ACTION,"Payment Request",false,false,P2,"This changes state or generates a downstream document from Payment Request; persist an audited transition/event, not a standalone CRUD resource."
finance,finance_collection_requests,"طلبات التحصيل","Collection Requests","/admin/finance/collection-requests [admin.finance.collection-requests.index]",UI_SHELL_ONLY_EMPTY_DATASET,FUTURE_BACKLOG,"Expense and custody workflow",false,true,P2,"Plausible ERP capability, but not confirmed for the immediate Plastic Factory execution path and not implemented beyond shell metadata."
finance,finance_collection_follow_up,"متابعة التحصيل","Collection Follow-up","/admin/finance/collection-follow-up [admin.finance.collection-follow-up.index]",UI_SHELL_ONLY_EMPTY_DATASET,HISTORY_OR_INQUIRY,"Collections workspace",true,false,P2,"Derived read-only view over Collections workspace; it must not own authoritative transaction rows."
finance,finance_currency_exchange,"تبديل العملات","Currency Exchange","/admin/finance/currency-exchange [admin.finance.currency-exchange.index]",UI_SHELL_ONLY_EMPTY_DATASET,KEEP_STANDALONE,"Currency Exchange / Revaluation",true,true,P2,"Independent master, transaction, planning workspace, or controlled document required by the target responsibility."
finance,finance_currency_revaluation,"إعادة تقييم العملات","Currency Revaluation","/admin/finance/currency-revaluation [admin.finance.currency-revaluation.index]",UI_SHELL_ONLY_EMPTY_DATASET,KEEP_STANDALONE,"Currency Exchange / Revaluation",true,true,P2,"Independent master, transaction, planning workspace, or controlled document required by the target responsibility."
finance,finance_financial_document_history,"سجل المستندات المالية","Financial Document History","/admin/finance/financial-document-history [admin.finance.financial-document-history.index]",UI_SHELL_ONLY_EMPTY_DATASET,HISTORY_OR_INQUIRY,"Financial documents",true,false,P2,"Derived read-only view over Financial documents; it must not own authoritative transaction rows."
fixed_assets,fixed_assets_asset_categories,"فئات الأصول","Asset Categories","/admin/fixed-assets/asset-categories [admin.fixed-assets.asset-categories.index]",UI_SHELL_ONLY_EMPTY_DATASET,MERGE_INTO_PARENT,"Fixed Asset Register / setup tabs",false,false,P2,"Subordinate data for Fixed Asset Register / setup tabs; keep it as a tab, repeater, relationship, or child collection instead of a menu CRUD."
fixed_assets,fixed_assets_asset_groups,"مجموعات الأصول","Asset Groups","/admin/fixed-assets/asset-groups [admin.fixed-assets.asset-groups.index]",UI_SHELL_ONLY_EMPTY_DATASET,MERGE_INTO_PARENT,"Fixed Asset Register / setup tabs",false,false,P2,"Subordinate data for Fixed Asset Register / setup tabs; keep it as a tab, repeater, relationship, or child collection instead of a menu CRUD."
fixed_assets,fixed_assets_asset_locations,"مواقع الأصول","Asset Locations","/admin/fixed-assets/asset-locations [admin.fixed-assets.asset-locations.index]",UI_SHELL_ONLY_EMPTY_DATASET,MERGE_INTO_PARENT,"Fixed Asset Register / setup tabs",false,false,P2,"Subordinate data for Fixed Asset Register / setup tabs; keep it as a tab, repeater, relationship, or child collection instead of a menu CRUD."
fixed_assets,fixed_assets_asset_acquisition,"اقتناء الأصل","Asset Acquisition","/admin/fixed-assets/asset-acquisition [admin.fixed-assets.asset-acquisition.index]",UI_SHELL_ONLY_EMPTY_DATASET,FUTURE_BACKLOG,"Fixed Asset lifecycle transaction",false,true,P2,"Plausible ERP capability, but not confirmed for the immediate Plastic Factory execution path and not implemented beyond shell metadata."
fixed_assets,fixed_assets_asset_capitalization,"رسملة الأصل","Asset Capitalization","/admin/fixed-assets/asset-capitalization [admin.fixed-assets.asset-capitalization.index]",UI_SHELL_ONLY_EMPTY_DATASET,FUTURE_BACKLOG,"Fixed Asset lifecycle transaction",false,true,P2,"Plausible ERP capability, but not confirmed for the immediate Plastic Factory execution path and not implemented beyond shell metadata."
fixed_assets,fixed_assets_asset_opening_balances,"أرصدة الأصول الافتتاحية","Asset Opening Balances","/admin/fixed-assets/asset-opening-balances [admin.fixed-assets.asset-opening-balances.index]",UI_SHELL_ONLY_EMPTY_DATASET,FUTURE_BACKLOG,"Fixed Asset lifecycle transaction",false,true,P2,"Plausible ERP capability, but not confirmed for the immediate Plastic Factory execution path and not implemented beyond shell metadata."
fixed_assets,fixed_assets_asset_transfer,"تحويل الأصل","Asset Transfer","/admin/fixed-assets/asset-transfer [admin.fixed-assets.asset-transfer.index]",UI_SHELL_ONLY_EMPTY_DATASET,FUTURE_BACKLOG,"Fixed Asset lifecycle transaction",false,true,P2,"Plausible ERP capability, but not confirmed for the immediate Plastic Factory execution path and not implemented beyond shell metadata."
fixed_assets,fixed_assets_asset_custody,"عهدة الأصل","Asset Custody","/admin/fixed-assets/asset-custody [admin.fixed-assets.asset-custody.index]",UI_SHELL_ONLY_EMPTY_DATASET,FUTURE_BACKLOG,"Fixed Asset lifecycle transaction",false,true,P2,"Plausible ERP capability, but not confirmed for the immediate Plastic Factory execution path and not implemented beyond shell metadata."
fixed_assets,fixed_assets_asset_assignment,"تخصيص الأصل","Asset Assignment","/admin/fixed-assets/asset-assignment [admin.fixed-assets.asset-assignment.index]",UI_SHELL_ONLY_EMPTY_DATASET,FUTURE_BACKLOG,"Fixed Asset lifecycle transaction",false,true,P2,"Plausible ERP capability, but not confirmed for the immediate Plastic Factory execution path and not implemented beyond shell metadata."
fixed_assets,fixed_assets_asset_return,"إرجاع الأصل","Asset Return","/admin/fixed-assets/asset-return [admin.fixed-assets.asset-return.index]",UI_SHELL_ONLY_EMPTY_DATASET,FUTURE_BACKLOG,"Fixed Asset lifecycle transaction",false,true,P2,"Plausible ERP capability, but not confirmed for the immediate Plastic Factory execution path and not implemented beyond shell metadata."
fixed_assets,fixed_assets_asset_improvement,"تحسين الأصل","Asset Improvement","/admin/fixed-assets/asset-improvement [admin.fixed-assets.asset-improvement.index]",UI_SHELL_ONLY_EMPTY_DATASET,FUTURE_BACKLOG,"Fixed Asset lifecycle transaction",false,true,P2,"Plausible ERP capability, but not confirmed for the immediate Plastic Factory execution path and not implemented beyond shell metadata."
fixed_assets,fixed_assets_asset_component_replacement,"استبدال مكون الأصل","Asset Component Replacement","/admin/fixed-assets/asset-component-replacement [admin.fixed-assets.asset-component-replacement.index]",UI_SHELL_ONLY_EMPTY_DATASET,FUTURE_BACKLOG,"Fixed Asset lifecycle transaction",false,true,P2,"Plausible ERP capability, but not confirmed for the immediate Plastic Factory execution path and not implemented beyond shell metadata."
fixed_assets,fixed_assets_asset_depreciation_setup,"إعداد إهلاك الأصل","Asset Depreciation Setup","/admin/fixed-assets/asset-depreciation-setup [admin.fixed-assets.asset-depreciation-setup.index]",UI_SHELL_ONLY_EMPTY_DATASET,MERGE_INTO_PARENT,"Fixed Asset Register / setup tabs",false,false,P2,"Subordinate data for Fixed Asset Register / setup tabs; keep it as a tab, repeater, relationship, or child collection instead of a menu CRUD."
fixed_assets,fixed_assets_depreciation_run,"تشغيل الإهلاك","Depreciation Run","/admin/fixed-assets/depreciation-run [admin.fixed-assets.depreciation-run.index]",UI_SHELL_ONLY_EMPTY_DATASET,FUTURE_BACKLOG,"Fixed Asset lifecycle transaction",false,true,P2,"Plausible ERP capability, but not confirmed for the immediate Plastic Factory execution path and not implemented beyond shell metadata."
fixed_assets,fixed_assets_depreciation_review,"مراجعة الإهلاك","Depreciation Review","/admin/fixed-assets/depreciation-review [admin.fixed-assets.depreciation-review.index]",UI_SHELL_ONLY_EMPTY_DATASET,HISTORY_OR_INQUIRY,"Fixed Asset depreciation/history",true,false,P2,"Derived read-only view over Fixed Asset depreciation/history; it must not own authoritative transaction rows."
fixed_assets,fixed_assets_asset_revaluation,"إعادة تقييم الأصل","Asset Revaluation","/admin/fixed-assets/asset-revaluation [admin.fixed-assets.asset-revaluation.index]",UI_SHELL_ONLY_EMPTY_DATASET,FUTURE_BACKLOG,"Fixed Asset lifecycle transaction",false,true,P2,"Plausible ERP capability, but not confirmed for the immediate Plastic Factory execution path and not implemented beyond shell metadata."
fixed_assets,fixed_assets_asset_impairment,"اضمحلال الأصل","Asset Impairment","/admin/fixed-assets/asset-impairment [admin.fixed-assets.asset-impairment.index]",UI_SHELL_ONLY_EMPTY_DATASET,FUTURE_BACKLOG,"Fixed Asset lifecycle transaction",false,true,P2,"Plausible ERP capability, but not confirmed for the immediate Plastic Factory execution path and not implemented beyond shell metadata."
fixed_assets,fixed_assets_asset_disposal,"استبعاد الأصل","Asset Disposal","/admin/fixed-assets/asset-disposal [admin.fixed-assets.asset-disposal.index]",UI_SHELL_ONLY_EMPTY_DATASET,FUTURE_BACKLOG,"Fixed Asset lifecycle transaction",false,true,P2,"Plausible ERP capability, but not confirmed for the immediate Plastic Factory execution path and not implemented beyond shell metadata."
fixed_assets,fixed_assets_asset_sale,"بيع الأصل","Asset Sale","/admin/fixed-assets/asset-sale [admin.fixed-assets.asset-sale.index]",UI_SHELL_ONLY_EMPTY_DATASET,FUTURE_BACKLOG,"Fixed Asset lifecycle transaction",false,true,P2,"Plausible ERP capability, but not confirmed for the immediate Plastic Factory execution path and not implemented beyond shell metadata."
fixed_assets,fixed_assets_asset_retirement,"تكهين الأصل","Asset Retirement","/admin/fixed-assets/asset-retirement [admin.fixed-assets.asset-retirement.index]",UI_SHELL_ONLY_EMPTY_DATASET,FUTURE_BACKLOG,"Fixed Asset lifecycle transaction",false,true,P2,"Plausible ERP capability, but not confirmed for the immediate Plastic Factory execution path and not implemented beyond shell metadata."
fixed_assets,fixed_assets_asset_maintenance_schedule,"جدول صيانة الأصل","Asset Maintenance Schedule","/admin/fixed-assets/asset-maintenance-schedule [admin.fixed-assets.asset-maintenance-schedule.index]",UI_SHELL_ONLY_EMPTY_DATASET,DUPLICATE,"Maintenance Plan / Inspection",false,false,P2,"Responsibility is canonically owned by Maintenance Plan / Inspection; a second resource would split traceability and permissions."
fixed_assets,fixed_assets_asset_inspection,"فحص الأصل","Asset Inspection","/admin/fixed-assets/asset-inspection [admin.fixed-assets.asset-inspection.index]",UI_SHELL_ONLY_EMPTY_DATASET,DUPLICATE,"Maintenance Plan / Inspection",false,false,P2,"Responsibility is canonically owned by Maintenance Plan / Inspection; a second resource would split traceability and permissions."
fixed_assets,fixed_assets_asset_documents,"مستندات الأصل","Asset Documents","/admin/fixed-assets/asset-documents [admin.fixed-assets.asset-documents.index]",UI_SHELL_ONLY_EMPTY_DATASET,MERGE_INTO_PARENT,"Fixed Asset Register / setup tabs",false,false,P2,"Subordinate data for Fixed Asset Register / setup tabs; keep it as a tab, repeater, relationship, or child collection instead of a menu CRUD."
fixed_assets,fixed_assets_asset_insurance,"تأمين الأصل","Asset Insurance","/admin/fixed-assets/asset-insurance [admin.fixed-assets.asset-insurance.index]",UI_SHELL_ONLY_EMPTY_DATASET,MERGE_INTO_PARENT,"Fixed Asset Register / setup tabs",false,false,P2,"Subordinate data for Fixed Asset Register / setup tabs; keep it as a tab, repeater, relationship, or child collection instead of a menu CRUD."
fixed_assets,fixed_assets_asset_history,"سجل الأصل","Asset History","/admin/fixed-assets/asset-history [admin.fixed-assets.asset-history.index]",UI_SHELL_ONLY_EMPTY_DATASET,HISTORY_OR_INQUIRY,"Fixed Asset depreciation/history",true,false,P2,"Derived read-only view over Fixed Asset depreciation/history; it must not own authoritative transaction rows."
costing,costing_costing_settings,"إعدادات التكاليف","Costing Settings","/admin/costing/costing-settings [admin.costing.costing-settings.index]",UI_SHELL_ONLY_EMPTY_DATASET,MERGE_INTO_PARENT,"Costing Settings",false,false,P2,"Subordinate data for Costing Settings; keep it as a tab, repeater, relationship, or child collection instead of a menu CRUD."
costing,costing_cost_elements,"عناصر التكلفة","Cost Elements","/admin/costing/cost-elements [admin.costing.cost-elements.index]",UI_SHELL_ONLY_EMPTY_DATASET,MERGE_INTO_PARENT,"Costing Settings",false,false,P2,"Subordinate data for Costing Settings; keep it as a tab, repeater, relationship, or child collection instead of a menu CRUD."
costing,costing_cost_types,"أنواع التكلفة","Cost Types","/admin/costing/cost-types [admin.costing.cost-types.index]",UI_SHELL_ONLY_EMPTY_DATASET,MERGE_INTO_PARENT,"Costing Settings",false,false,P2,"Subordinate data for Costing Settings; keep it as a tab, repeater, relationship, or child collection instead of a menu CRUD."
costing,costing_standard_material_cost,"التكلفة المعيارية للخامات","Standard Material Cost","/admin/costing/standard-material-cost [admin.costing.standard-material-cost.index]",UI_SHELL_ONLY_EMPTY_DATASET,MERGE_INTO_PARENT,"Product Cost Version / Cost Sheet",false,false,P2,"Subordinate data for Product Cost Version / Cost Sheet; keep it as a tab, repeater, relationship, or child collection instead of a menu CRUD."
costing,costing_standard_labor_cost,"التكلفة المعيارية للعمالة","Standard Labor Cost","/admin/costing/standard-labor-cost [admin.costing.standard-labor-cost.index]",UI_SHELL_ONLY_EMPTY_DATASET,MERGE_INTO_PARENT,"Product Cost Version / Cost Sheet",false,false,P2,"Subordinate data for Product Cost Version / Cost Sheet; keep it as a tab, repeater, relationship, or child collection instead of a menu CRUD."
costing,costing_standard_overhead_cost,"التكلفة المعيارية غير المباشرة","Standard Overhead Cost","/admin/costing/standard-overhead-cost [admin.costing.standard-overhead-cost.index]",UI_SHELL_ONLY_EMPTY_DATASET,MERGE_INTO_PARENT,"Product Cost Version / Cost Sheet",false,false,P2,"Subordinate data for Product Cost Version / Cost Sheet; keep it as a tab, repeater, relationship, or child collection instead of a menu CRUD."
costing,costing_product_standard_cost,"التكلفة المعيارية للمنتج","Product Standard Cost","/admin/costing/product-standard-cost [admin.costing.product-standard-cost.index]",UI_SHELL_ONLY_EMPTY_DATASET,MERGE_INTO_PARENT,"Product Cost Version / Cost Sheet",false,false,P2,"Subordinate data for Product Cost Version / Cost Sheet; keep it as a tab, repeater, relationship, or child collection instead of a menu CRUD."
costing,costing_product_cost_sheet,"بطاقة تكلفة المنتج","Product Cost Sheet","/admin/costing/product-cost-sheet [admin.costing.product-cost-sheet.index]",UI_SHELL_ONLY_EMPTY_DATASET,REWORK,"Product Cost Sheet",true,true,P2,"Valid responsibility, but the generic shell CRUD lacks the required lifecycle, source links, snapshots, scoping, and audit semantics."
costing,costing_work_order_estimated_cost,"التكلفة التقديرية لأمر التشغيل","Work Order Estimated Cost","/admin/costing/work-order-estimated-cost [admin.costing.work-order-estimated-cost.index]",UI_SHELL_ONLY_EMPTY_DATASET,HISTORY_OR_INQUIRY,"Work Order / Product actual cost ledger",true,false,P2,"Derived read-only view over Work Order / Product actual cost ledger; it must not own authoritative transaction rows."
costing,costing_work_order_actual_cost,"التكلفة الفعلية لأمر التشغيل","Work Order Actual Cost","/admin/costing/work-order-actual-cost [admin.costing.work-order-actual-cost.index]",UI_SHELL_ONLY_EMPTY_DATASET,HISTORY_OR_INQUIRY,"Work Order / Product actual cost ledger",true,false,P2,"Derived read-only view over Work Order / Product actual cost ledger; it must not own authoritative transaction rows."
costing,costing_material_cost_analysis,"تحليل تكلفة الخامات","Material Cost Analysis","/admin/costing/material-cost-analysis [admin.costing.material-cost-analysis.index]",UI_SHELL_ONLY_EMPTY_DATASET,HISTORY_OR_INQUIRY,"Work Order / Product actual cost ledger",true,false,P2,"Derived read-only view over Work Order / Product actual cost ledger; it must not own authoritative transaction rows."
costing,costing_labor_cost_analysis,"تحليل تكلفة العمالة","Labor Cost Analysis","/admin/costing/labor-cost-analysis [admin.costing.labor-cost-analysis.index]",UI_SHELL_ONLY_EMPTY_DATASET,HISTORY_OR_INQUIRY,"Work Order / Product actual cost ledger",true,false,P2,"Derived read-only view over Work Order / Product actual cost ledger; it must not own authoritative transaction rows."
costing,costing_machine_cost_analysis,"تحليل تكلفة الماكينات","Machine Cost Analysis","/admin/costing/machine-cost-analysis [admin.costing.machine-cost-analysis.index]",UI_SHELL_ONLY_EMPTY_DATASET,HISTORY_OR_INQUIRY,"Work Order / Product actual cost ledger",true,false,P2,"Derived read-only view over Work Order / Product actual cost ledger; it must not own authoritative transaction rows."
costing,costing_external_manufacturing_cost,"تكلفة التصنيع الخارجي","External Manufacturing Cost","/admin/costing/external-manufacturing-cost [admin.costing.external-manufacturing-cost.index]",UI_SHELL_ONLY_EMPTY_DATASET,HISTORY_OR_INQUIRY,"Work Order / Product actual cost ledger",true,false,P2,"Derived read-only view over Work Order / Product actual cost ledger; it must not own authoritative transaction rows."
costing,costing_maintenance_cost,"تكلفة الصيانة","Maintenance Cost","/admin/costing/maintenance-cost [admin.costing.maintenance-cost.index]",UI_SHELL_ONLY_EMPTY_DATASET,HISTORY_OR_INQUIRY,"Work Order / Product actual cost ledger",true,false,P2,"Derived read-only view over Work Order / Product actual cost ledger; it must not own authoritative transaction rows."
costing,costing_scrap_cost,"تكلفة الهالك","Scrap Cost","/admin/costing/scrap-cost [admin.costing.scrap-cost.index]",UI_SHELL_ONLY_EMPTY_DATASET,HISTORY_OR_INQUIRY,"Work Order / Product actual cost ledger",true,false,P2,"Derived read-only view over Work Order / Product actual cost ledger; it must not own authoritative transaction rows."
costing,costing_waste_cost,"تكلفة الفاقد","Waste Cost","/admin/costing/waste-cost [admin.costing.waste-cost.index]",UI_SHELL_ONLY_EMPTY_DATASET,HISTORY_OR_INQUIRY,"Work Order / Product actual cost ledger",true,false,P2,"Derived read-only view over Work Order / Product actual cost ledger; it must not own authoritative transaction rows."
costing,costing_packaging_cost,"تكلفة التعبئة","Packaging Cost","/admin/costing/packaging-cost [admin.costing.packaging-cost.index]",UI_SHELL_ONLY_EMPTY_DATASET,HISTORY_OR_INQUIRY,"Work Order / Product actual cost ledger",true,false,P2,"Derived read-only view over Work Order / Product actual cost ledger; it must not own authoritative transaction rows."
costing,costing_delivery_cost,"تكلفة التسليم","Delivery Cost","/admin/costing/delivery-cost [admin.costing.delivery-cost.index]",UI_SHELL_ONLY_EMPTY_DATASET,HISTORY_OR_INQUIRY,"Work Order / Product actual cost ledger",true,false,P2,"Derived read-only view over Work Order / Product actual cost ledger; it must not own authoritative transaction rows."
costing,costing_overhead_allocation_rules,"قواعد توزيع التكاليف غير المباشرة","Overhead Allocation Rules","/admin/costing/overhead-allocation-rules [admin.costing.overhead-allocation-rules.index]",UI_SHELL_ONLY_EMPTY_DATASET,KEEP_STANDALONE,"Overhead Allocation Rule / Run",true,true,P2,"Independent master, transaction, planning workspace, or controlled document required by the target responsibility."
costing,costing_overhead_allocation_run,"تشغيل توزيع التكاليف غير المباشرة","Overhead Allocation Run","/admin/costing/overhead-allocation-run [admin.costing.overhead-allocation-run.index]",UI_SHELL_ONLY_EMPTY_DATASET,KEEP_STANDALONE,"Overhead Allocation Rule / Run",true,true,P2,"Independent master, transaction, planning workspace, or controlled document required by the target responsibility."
costing,costing_cost_variance_analysis,"تحليل انحرافات التكلفة","Cost Variance Analysis","/admin/costing/cost-variance-analysis [admin.costing.cost-variance-analysis.index]",UI_SHELL_ONLY_EMPTY_DATASET,HISTORY_OR_INQUIRY,"Work Order / Product actual cost ledger",true,false,P2,"Derived read-only view over Work Order / Product actual cost ledger; it must not own authoritative transaction rows."
costing,costing_estimated_vs_actual_cost,"التكلفة التقديرية مقابل الفعلية","Estimated vs Actual Cost","/admin/costing/estimated-vs-actual-cost [admin.costing.estimated-vs-actual-cost.index]",UI_SHELL_ONLY_EMPTY_DATASET,HISTORY_OR_INQUIRY,"Work Order / Product actual cost ledger",true,false,P2,"Derived read-only view over Work Order / Product actual cost ledger; it must not own authoritative transaction rows."
costing,costing_work_order_profitability,"ربحية أمر التشغيل","Work Order Profitability","/admin/costing/work-order-profitability [admin.costing.work-order-profitability.index]",UI_SHELL_ONLY_EMPTY_DATASET,HISTORY_OR_INQUIRY,"Work Order / Product actual cost ledger",true,false,P2,"Derived read-only view over Work Order / Product actual cost ledger; it must not own authoritative transaction rows."
costing,costing_product_profitability,"ربحية المنتج","Product Profitability","/admin/costing/product-profitability [admin.costing.product-profitability.index]",UI_SHELL_ONLY_EMPTY_DATASET,HISTORY_OR_INQUIRY,"Work Order / Product actual cost ledger",true,false,P2,"Derived read-only view over Work Order / Product actual cost ledger; it must not own authoritative transaction rows."
costing,costing_customer_profitability,"ربحية العميل","Customer Profitability","/admin/costing/customer-profitability [admin.costing.customer-profitability.index]",UI_SHELL_ONLY_EMPTY_DATASET,HISTORY_OR_INQUIRY,"Work Order / Product actual cost ledger",true,false,P2,"Derived read-only view over Work Order / Product actual cost ledger; it must not own authoritative transaction rows."
costing,costing_contract_profitability,"ربحية العقد","Contract Profitability","/admin/costing/contract-profitability [admin.costing.contract-profitability.index]",UI_SHELL_ONLY_EMPTY_DATASET,REMOVE_FROM_PLASTIC,"Unsupported contract profitability architecture",false,false,P3,"Project/contract-oriented legacy concept unsupported by the confirmed Plastic Factory requirements."
costing,costing_cost_closing,"إقفال التكاليف","Cost Closing","/admin/costing/cost-closing [admin.costing.cost-closing.index]",UI_SHELL_ONLY_EMPTY_DATASET,KEEP_STANDALONE,"Cost Closing",true,true,P2,"Independent master, transaction, planning workspace, or controlled document required by the target responsibility."
hr,hr_employee_contracts,"عقود الموظفين","Employee Contracts","/admin/hr/employee-contracts [admin.hr.employee-contracts.index]",UI_SHELL_ONLY_EMPTY_DATASET,MERGE_INTO_PARENT,"Employee Master",false,false,P2,"Subordinate data for Employee Master; keep it as a tab, repeater, relationship, or child collection instead of a menu CRUD."
hr,hr_employee_contract_renewals,"تجديدات عقود الموظفين","Employee Contract Renewals","/admin/hr/employee-contract-renewals [admin.hr.employee-contract-renewals.index]",UI_SHELL_ONLY_EMPTY_DATASET,WORKFLOW_ACTION,"Employee Contract",false,false,P2,"This changes state or generates a downstream document from Employee Contract; persist an audited transition/event, not a standalone CRUD resource."
hr,hr_employee_attendance,"حضور الموظفين","Employee Attendance","/admin/hr/employee-attendance [admin.hr.employee-attendance.index]",UI_SHELL_ONLY_EMPTY_DATASET,KEEP_STANDALONE,"Attendance Import / Processing Workspace",true,true,P2,"Independent master, transaction, planning workspace, or controlled document required by the target responsibility."
hr,hr_attendance_import,"استيراد الحضور","Attendance Import","/admin/hr/attendance-import [admin.hr.attendance-import.index]",UI_SHELL_ONLY_EMPTY_DATASET,KEEP_STANDALONE,"Attendance Import / Processing Workspace",true,true,P2,"Independent master, transaction, planning workspace, or controlled document required by the target responsibility."
hr,hr_attendance_corrections,"تصحيحات الحضور","Attendance Corrections","/admin/hr/attendance-corrections [admin.hr.attendance-corrections.index]",UI_SHELL_ONLY_EMPTY_DATASET,KEEP_STANDALONE,"Attendance Import / Processing Workspace",true,true,P2,"Independent master, transaction, planning workspace, or controlled document required by the target responsibility."
hr,hr_shift_assignments,"تخصيص الورديات","Shift Assignments","/admin/hr/shift-assignments [admin.hr.shift-assignments.index]",UI_SHELL_ONLY_EMPTY_DATASET,FUTURE_BACKLOG,"HR transaction backlog",false,true,P2,"Plausible ERP capability, but not confirmed for the immediate Plastic Factory execution path and not implemented beyond shell metadata."
hr,hr_employee_leave_requests,"طلبات إجازات الموظفين","Employee Leave Requests","/admin/hr/employee-leave-requests [admin.hr.employee-leave-requests.index]",UI_SHELL_ONLY_EMPTY_DATASET,FUTURE_BACKLOG,"HR transaction backlog",false,true,P2,"Plausible ERP capability, but not confirmed for the immediate Plastic Factory execution path and not implemented beyond shell metadata."
hr,hr_leave_approvals,"اعتمادات الإجازات","Leave Approvals","/admin/hr/leave-approvals [admin.hr.leave-approvals.index]",UI_SHELL_ONLY_EMPTY_DATASET,WORKFLOW_ACTION,"HR request / Payroll Run",false,false,P2,"This changes state or generates a downstream document from HR request / Payroll Run; persist an audited transition/event, not a standalone CRUD resource."
hr,hr_employee_permissions,"أذونات الموظفين","Employee Permissions","/admin/hr/employee-permissions [admin.hr.employee-permissions.index]",UI_SHELL_ONLY_EMPTY_DATASET,FUTURE_BACKLOG,"HR transaction backlog",false,true,P2,"Plausible ERP capability, but not confirmed for the immediate Plastic Factory execution path and not implemented beyond shell metadata."
hr,hr_overtime_requests,"طلبات العمل الإضافي","Overtime Requests","/admin/hr/overtime-requests [admin.hr.overtime-requests.index]",UI_SHELL_ONLY_EMPTY_DATASET,FUTURE_BACKLOG,"HR transaction backlog",false,true,P2,"Plausible ERP capability, but not confirmed for the immediate Plastic Factory execution path and not implemented beyond shell metadata."
hr,hr_overtime_approvals,"اعتمادات العمل الإضافي","Overtime Approvals","/admin/hr/overtime-approvals [admin.hr.overtime-approvals.index]",UI_SHELL_ONLY_EMPTY_DATASET,WORKFLOW_ACTION,"HR request / Payroll Run",false,false,P2,"This changes state or generates a downstream document from HR request / Payroll Run; persist an audited transition/event, not a standalone CRUD resource."
hr,hr_employee_advances,"سلف الموظفين","Employee Advances","/admin/hr/employee-advances [admin.hr.employee-advances.index]",UI_SHELL_ONLY_EMPTY_DATASET,FUTURE_BACKLOG,"HR transaction backlog",false,true,P2,"Plausible ERP capability, but not confirmed for the immediate Plastic Factory execution path and not implemented beyond shell metadata."
hr,hr_employee_custody,"عهد الموظفين","Employee Custody","/admin/hr/employee-custody [admin.hr.employee-custody.index]",UI_SHELL_ONLY_EMPTY_DATASET,FUTURE_BACKLOG,"HR transaction backlog",false,true,P2,"Plausible ERP capability, but not confirmed for the immediate Plastic Factory execution path and not implemented beyond shell metadata."
hr,hr_employee_evaluations,"تقييمات الموظفين","Employee Evaluations","/admin/hr/employee-evaluations [admin.hr.employee-evaluations.index]",UI_SHELL_ONLY_EMPTY_DATASET,FUTURE_BACKLOG,"HR transaction backlog",false,true,P2,"Plausible ERP capability, but not confirmed for the immediate Plastic Factory execution path and not implemented beyond shell metadata."
hr,hr_training_requests,"طلبات التدريب","Training Requests","/admin/hr/training-requests [admin.hr.training-requests.index]",UI_SHELL_ONLY_EMPTY_DATASET,FUTURE_BACKLOG,"HR transaction backlog",false,true,P2,"Plausible ERP capability, but not confirmed for the immediate Plastic Factory execution path and not implemented beyond shell metadata."
hr,hr_training_courses,"الدورات التدريبية","Training Courses","/admin/hr/training-courses [admin.hr.training-courses.index]",UI_SHELL_ONLY_EMPTY_DATASET,FUTURE_BACKLOG,"HR transaction backlog",false,true,P2,"Plausible ERP capability, but not confirmed for the immediate Plastic Factory execution path and not implemented beyond shell metadata."
hr,hr_disciplinary_actions,"الإجراءات التأديبية","Disciplinary Actions","/admin/hr/disciplinary-actions [admin.hr.disciplinary-actions.index]",UI_SHELL_ONLY_EMPTY_DATASET,FUTURE_BACKLOG,"HR transaction backlog",false,true,P2,"Plausible ERP capability, but not confirmed for the immediate Plastic Factory execution path and not implemented beyond shell metadata."
hr,hr_employee_complaints,"شكاوى الموظفين","Employee Complaints","/admin/hr/employee-complaints [admin.hr.employee-complaints.index]",UI_SHELL_ONLY_EMPTY_DATASET,FUTURE_BACKLOG,"HR transaction backlog",false,true,P2,"Plausible ERP capability, but not confirmed for the immediate Plastic Factory execution path and not implemented beyond shell metadata."
hr,hr_employee_documents,"مستندات الموظفين","Employee Documents","/admin/hr/employee-documents [admin.hr.employee-documents.index]",UI_SHELL_ONLY_EMPTY_DATASET,MERGE_INTO_PARENT,"Employee Master",false,false,P2,"Subordinate data for Employee Master; keep it as a tab, repeater, relationship, or child collection instead of a menu CRUD."
hr,hr_employee_medical_records,"واجهة السجلات الطبية للموظفين","Employee Medical Records UI","/admin/hr/employee-medical-records [admin.hr.employee-medical-records.index]",UI_SHELL_ONLY_EMPTY_DATASET,MERGE_INTO_PARENT,"Employee Master",false,false,P2,"Subordinate data for Employee Master; keep it as a tab, repeater, relationship, or child collection instead of a menu CRUD."
hr,hr_employee_insurance,"واجهة تأمينات الموظفين","Employee Insurance UI","/admin/hr/employee-insurance [admin.hr.employee-insurance.index]",UI_SHELL_ONLY_EMPTY_DATASET,MERGE_INTO_PARENT,"Employee Master",false,false,P2,"Subordinate data for Employee Master; keep it as a tab, repeater, relationship, or child collection instead of a menu CRUD."
hr,hr_payroll_periods,"فترات الرواتب","Payroll Periods","/admin/hr/payroll-periods [admin.hr.payroll-periods.index]",UI_SHELL_ONLY_EMPTY_DATASET,FUTURE_BACKLOG,"HR transaction backlog",false,true,P2,"Plausible ERP capability, but not confirmed for the immediate Plastic Factory execution path and not implemented beyond shell metadata."
hr,hr_payroll_preparation,"إعداد الرواتب","Payroll Preparation","/admin/hr/payroll-preparation [admin.hr.payroll-preparation.index]",UI_SHELL_ONLY_EMPTY_DATASET,FUTURE_BACKLOG,"HR transaction backlog",false,true,P2,"Plausible ERP capability, but not confirmed for the immediate Plastic Factory execution path and not implemented beyond shell metadata."
hr,hr_payroll_review,"مراجعة الرواتب","Payroll Review","/admin/hr/payroll-review [admin.hr.payroll-review.index]",UI_SHELL_ONLY_EMPTY_DATASET,WORKFLOW_ACTION,"HR request / Payroll Run",false,false,P2,"This changes state or generates a downstream document from HR request / Payroll Run; persist an audited transition/event, not a standalone CRUD resource."
hr,hr_payroll_approval,"اعتماد الرواتب","Payroll Approval","/admin/hr/payroll-approval [admin.hr.payroll-approval.index]",UI_SHELL_ONLY_EMPTY_DATASET,WORKFLOW_ACTION,"HR request / Payroll Run",false,false,P2,"This changes state or generates a downstream document from HR request / Payroll Run; persist an audited transition/event, not a standalone CRUD resource."
hr,hr_payroll_payment,"صرف الرواتب","Payroll Payment","/admin/hr/payroll-payment [admin.hr.payroll-payment.index]",UI_SHELL_ONLY_EMPTY_DATASET,WORKFLOW_ACTION,"HR request / Payroll Run",false,false,P2,"This changes state or generates a downstream document from HR request / Payroll Run; persist an audited transition/event, not a standalone CRUD resource."
hr,hr_employee_settlement,"تسوية الموظف","Employee Settlement","/admin/hr/employee-settlement [admin.hr.employee-settlement.index]",UI_SHELL_ONLY_EMPTY_DATASET,FUTURE_BACKLOG,"HR transaction backlog",false,true,P2,"Plausible ERP capability, but not confirmed for the immediate Plastic Factory execution path and not implemented beyond shell metadata."
hr,hr_end_of_service,"نهاية الخدمة","End of Service","/admin/hr/end-of-service [admin.hr.end-of-service.index]",UI_SHELL_ONLY_EMPTY_DATASET,FUTURE_BACKLOG,"HR transaction backlog",false,true,P2,"Plausible ERP capability, but not confirmed for the immediate Plastic Factory execution path and not implemented beyond shell metadata."
hr,hr_hr_requests,"طلبات الموارد البشرية","HR Requests","/admin/hr/hr-requests [admin.hr.hr-requests.index]",UI_SHELL_ONLY_EMPTY_DATASET,FUTURE_BACKLOG,"HR transaction backlog",false,true,P2,"Plausible ERP capability, but not confirmed for the immediate Plastic Factory execution path and not implemented beyond shell metadata."
hr,hr_hr_attachments,"مرفقات الموارد البشرية","HR Attachments","/admin/hr/hr-attachments [admin.hr.hr-attachments.index]",UI_SHELL_ONLY_EMPTY_DATASET,MERGE_INTO_PARENT,"Employee Master",false,false,P2,"Subordinate data for Employee Master; keep it as a tab, repeater, relationship, or child collection instead of a menu CRUD."
hr,hr_hr_history,"سجل الموارد البشرية","HR History","/admin/hr/hr-history [admin.hr.hr-history.index]",UI_SHELL_ONLY_EMPTY_DATASET,HISTORY_OR_INQUIRY,"Employee / HR history",true,false,P2,"Derived read-only view over Employee / HR history; it must not own authoritative transaction rows."
reports,reports_finance_cashbox_balances,"أرصدة الخزائن","Cashbox Balances","/admin/reports/finance/cashbox-balances [admin.reports.finance.cashbox-balances.index]",UI_SHELL_ONLY_EMPTY_DATASET,HISTORY_OR_INQUIRY,"Canonical Finance reports",true,false,P2,"Derived read-only view over Canonical Finance reports; it must not own authoritative transaction rows."
reports,reports_finance_cashbox_statement,"كشف حساب الخزينة","Cashbox Statement","/admin/reports/finance/cashbox-statement [admin.reports.finance.cashbox-statement.index]",UI_SHELL_ONLY_EMPTY_DATASET,HISTORY_OR_INQUIRY,"Canonical Finance reports",true,false,P2,"Derived read-only view over Canonical Finance reports; it must not own authoritative transaction rows."
reports,reports_finance_bank_account_balances,"أرصدة الحسابات البنكية","Bank Account Balances","/admin/reports/finance/bank-account-balances [admin.reports.finance.bank-account-balances.index]",UI_SHELL_ONLY_EMPTY_DATASET,HISTORY_OR_INQUIRY,"Canonical Finance reports",true,false,P2,"Derived read-only view over Canonical Finance reports; it must not own authoritative transaction rows."
reports,reports_finance_bank_account_statement,"كشف الحساب البنكي","Bank Account Statement","/admin/reports/finance/bank-account-statement [admin.reports.finance.bank-account-statement.index]",UI_SHELL_ONLY_EMPTY_DATASET,HISTORY_OR_INQUIRY,"Canonical Finance reports",true,false,P2,"Derived read-only view over Canonical Finance reports; it must not own authoritative transaction rows."
reports,reports_finance_cheque_transit,"الشيكات بالطريق","Cheque Transit","/admin/reports/finance/cheque-transit [admin.reports.finance.cheque-transit.index]",UI_SHELL_ONLY_EMPTY_DATASET,HISTORY_OR_INQUIRY,"Canonical Finance reports",true,false,P2,"Derived read-only view over Canonical Finance reports; it must not own authoritative transaction rows."
reports,reports_finance_treasury_transfers,"تحويلات الخزينة","Treasury Transfers","/admin/reports/finance/treasury-transfers [admin.reports.finance.treasury-transfers.index]",UI_SHELL_ONLY_EMPTY_DATASET,HISTORY_OR_INQUIRY,"Canonical Finance reports",true,false,P2,"Derived read-only view over Canonical Finance reports; it must not own authoritative transaction rows."
reports,reports_finance_customer_aging,"أعمار ديون العملاء","Customer Aging","/admin/reports/finance/customer-aging [admin.reports.finance.customer-aging.index]",UI_SHELL_ONLY_EMPTY_DATASET,HISTORY_OR_INQUIRY,"Canonical Finance reports",true,false,P2,"Derived read-only view over Canonical Finance reports; it must not own authoritative transaction rows."
reports,reports_finance_supplier_aging,"أعمار ديون الموردين","Supplier Aging","/admin/reports/finance/supplier-aging [admin.reports.finance.supplier-aging.index]",UI_SHELL_ONLY_EMPTY_DATASET,HISTORY_OR_INQUIRY,"Canonical Finance reports",true,false,P2,"Derived read-only view over Canonical Finance reports; it must not own authoritative transaction rows."
reports,reports_sales_sales_orders,"أوامر البيع","Sales Orders","/admin/reports/sales/sales-orders [admin.reports.sales.sales-orders.index]",UI_SHELL_ONLY_EMPTY_DATASET,HISTORY_OR_INQUIRY,"Canonical Sales reports",true,false,P1,"Derived read-only view over Canonical Sales reports; it must not own authoritative transaction rows."
reports,reports_sales_sales_by_customer,"المبيعات حسب العميل","Sales by Customer","/admin/reports/sales/sales-by-customer [admin.reports.sales.sales-by-customer.index]",UI_SHELL_ONLY_EMPTY_DATASET,HISTORY_OR_INQUIRY,"Canonical Sales reports",true,false,P1,"Derived read-only view over Canonical Sales reports; it must not own authoritative transaction rows."
reports,reports_sales_sales_by_product,"المبيعات حسب المنتج","Sales by Product","/admin/reports/sales/sales-by-product [admin.reports.sales.sales-by-product.index]",UI_SHELL_ONLY_EMPTY_DATASET,HISTORY_OR_INQUIRY,"Canonical Sales reports",true,false,P1,"Derived read-only view over Canonical Sales reports; it must not own authoritative transaction rows."
reports,reports_sales_sales_by_employee,"المبيعات حسب الموظف","Sales by Employee","/admin/reports/sales/sales-by-employee [admin.reports.sales.sales-by-employee.index]",UI_SHELL_ONLY_EMPTY_DATASET,HISTORY_OR_INQUIRY,"Canonical Sales reports",true,false,P1,"Derived read-only view over Canonical Sales reports; it must not own authoritative transaction rows."
reports,reports_sales_quotations,"عروض الأسعار",Quotations,"/admin/reports/sales/quotations [admin.reports.sales.quotations.index]",UI_SHELL_ONLY_EMPTY_DATASET,HISTORY_OR_INQUIRY,"Canonical Sales reports",true,false,P1,"Derived read-only view over Canonical Sales reports; it must not own authoritative transaction rows."
reports,reports_sales_contract_status,"حالة العقود","Contract Status","/admin/reports/sales/contract-status [admin.reports.sales.contract-status.index]",UI_SHELL_ONLY_EMPTY_DATASET,HISTORY_OR_INQUIRY,"Canonical Sales reports",true,false,P1,"Derived read-only view over Canonical Sales reports; it must not own authoritative transaction rows."
reports,reports_sales_delivery_schedule,"جدول التسليم","Delivery Schedule","/admin/reports/sales/delivery-schedule [admin.reports.sales.delivery-schedule.index]",UI_SHELL_ONLY_EMPTY_DATASET,HISTORY_OR_INQUIRY,"Canonical Sales reports",true,false,P1,"Derived read-only view over Canonical Sales reports; it must not own authoritative transaction rows."
reports,reports_purchases_purchases_by_supplier,"المشتريات حسب المورد","Purchases by Supplier","/admin/reports/purchases/purchases-by-supplier [admin.reports.purchases.purchases-by-supplier.index]",UI_SHELL_ONLY_EMPTY_DATASET,HISTORY_OR_INQUIRY,"Canonical Purchases reports",true,false,P1,"Derived read-only view over Canonical Purchases reports; it must not own authoritative transaction rows."
reports,reports_purchases_purchase_orders,"أوامر الشراء","Purchase Orders","/admin/reports/purchases/purchase-orders [admin.reports.purchases.purchase-orders.index]",UI_SHELL_ONLY_EMPTY_DATASET,HISTORY_OR_INQUIRY,"Canonical Purchases reports",true,false,P1,"Derived read-only view over Canonical Purchases reports; it must not own authoritative transaction rows."
reports,reports_purchases_purchase_invoice_details,"تفاصيل فواتير المشتريات","Purchase Invoice Details","/admin/reports/purchases/purchase-invoice-details [admin.reports.purchases.purchase-invoice-details.index]",UI_SHELL_ONLY_EMPTY_DATASET,HISTORY_OR_INQUIRY,"Canonical Purchases reports",true,false,P1,"Derived read-only view over Canonical Purchases reports; it must not own authoritative transaction rows."
reports,reports_purchases_goods_receipts,"استلامات البضاعة","Goods Receipts","/admin/reports/purchases/goods-receipts [admin.reports.purchases.goods-receipts.index]",UI_SHELL_ONLY_EMPTY_DATASET,HISTORY_OR_INQUIRY,"Canonical Purchases reports",true,false,P1,"Derived read-only view over Canonical Purchases reports; it must not own authoritative transaction rows."
reports,reports_purchases_purchase_returns,"مردودات المشتريات","Purchase Returns","/admin/reports/purchases/purchase-returns [admin.reports.purchases.purchase-returns.index]",UI_SHELL_ONLY_EMPTY_DATASET,HISTORY_OR_INQUIRY,"Canonical Purchases reports",true,false,P1,"Derived read-only view over Canonical Purchases reports; it must not own authoritative transaction rows."
reports,reports_inventory_inventory_balances,"أرصدة المخزون","Inventory Balances","/admin/reports/inventory/inventory-balances [admin.reports.inventory.inventory-balances.index]",UI_SHELL_ONLY_EMPTY_DATASET,HISTORY_OR_INQUIRY,"Canonical Inventory reports",true,false,P1,"Derived read-only view over Canonical Inventory reports; it must not own authoritative transaction rows."
reports,reports_inventory_stock_card,"كارت الصنف","Stock Card","/admin/reports/inventory/stock-card [admin.reports.inventory.stock-card.index]",UI_SHELL_ONLY_EMPTY_DATASET,HISTORY_OR_INQUIRY,"Canonical Inventory reports",true,false,P1,"Derived read-only view over Canonical Inventory reports; it must not own authoritative transaction rows."
reports,reports_inventory_inventory_movements,"حركات المخزون","Inventory Movements","/admin/reports/inventory/inventory-movements [admin.reports.inventory.inventory-movements.index]",UI_SHELL_ONLY_EMPTY_DATASET,HISTORY_OR_INQUIRY,"Canonical Inventory reports",true,false,P1,"Derived read-only view over Canonical Inventory reports; it must not own authoritative transaction rows."
reports,reports_inventory_stock_aging,"أعمار المخزون","Stock Aging","/admin/reports/inventory/stock-aging [admin.reports.inventory.stock-aging.index]",UI_SHELL_ONLY_EMPTY_DATASET,HISTORY_OR_INQUIRY,"Canonical Inventory reports",true,false,P1,"Derived read-only view over Canonical Inventory reports; it must not own authoritative transaction rows."
reports,reports_inventory_slow_moving_stock,"المخزون بطيء الحركة","Slow Moving Stock","/admin/reports/inventory/slow-moving-stock [admin.reports.inventory.slow-moving-stock.index]",UI_SHELL_ONLY_EMPTY_DATASET,HISTORY_OR_INQUIRY,"Canonical Inventory reports",true,false,P1,"Derived read-only view over Canonical Inventory reports; it must not own authoritative transaction rows."
reports,reports_inventory_negative_stock,"المخزون السالب","Negative Stock","/admin/reports/inventory/negative-stock [admin.reports.inventory.negative-stock.index]",UI_SHELL_ONLY_EMPTY_DATASET,HISTORY_OR_INQUIRY,"Canonical Inventory reports",true,false,P1,"Derived read-only view over Canonical Inventory reports; it must not own authoritative transaction rows."
reports,reports_inventory_material_outside_company,"الخامات خارج الشركة","Material Outside Company","/admin/reports/inventory/material-outside-company [admin.reports.inventory.material-outside-company.index]",UI_SHELL_ONLY_EMPTY_DATASET,HISTORY_OR_INQUIRY,"Canonical Inventory reports",true,false,P1,"Derived read-only view over Canonical Inventory reports; it must not own authoritative transaction rows."
reports,reports_inventory_supplier_custody,"عهدة المورد","Supplier Custody","/admin/reports/inventory/supplier-custody [admin.reports.inventory.supplier-custody.index]",UI_SHELL_ONLY_EMPTY_DATASET,HISTORY_OR_INQUIRY,"Canonical Inventory reports",true,false,P1,"Derived read-only view over Canonical Inventory reports; it must not own authoritative transaction rows."
reports,reports_production_work_orders_by_status,"أوامر التشغيل حسب الحالة","Work Orders by Status","/admin/reports/production/work-orders-by-status [admin.reports.production.work-orders-by-status.index]",UI_SHELL_ONLY_EMPTY_DATASET,HISTORY_OR_INQUIRY,"Canonical Production reports",true,false,P1,"Derived read-only view over Canonical Production reports; it must not own authoritative transaction rows."
reports,reports_production_production_plan,"خطة الإنتاج","Production Plan","/admin/reports/production/production-plan [admin.reports.production.production-plan.index]",UI_SHELL_ONLY_EMPTY_DATASET,HISTORY_OR_INQUIRY,"Canonical Production reports",true,false,P1,"Derived read-only view over Canonical Production reports; it must not own authoritative transaction rows."
reports,reports_production_production_output,"ناتج الإنتاج","Production Output","/admin/reports/production/production-output [admin.reports.production.production-output.index]",UI_SHELL_ONLY_EMPTY_DATASET,HISTORY_OR_INQUIRY,"Canonical Production reports",true,false,P1,"Derived read-only view over Canonical Production reports; it must not own authoritative transaction rows."
reports,reports_production_material_consumption,"استهلاك الخامات","Material Consumption","/admin/reports/production/material-consumption [admin.reports.production.material-consumption.index]",UI_SHELL_ONLY_EMPTY_DATASET,HISTORY_OR_INQUIRY,"Canonical Production reports",true,false,P1,"Derived read-only view over Canonical Production reports; it must not own authoritative transaction rows."
reports,reports_production_production_efficiency,"كفاءة الإنتاج","Production Efficiency","/admin/reports/production/production-efficiency [admin.reports.production.production-efficiency.index]",UI_SHELL_ONLY_EMPTY_DATASET,HISTORY_OR_INQUIRY,"Canonical Production reports",true,false,P1,"Derived read-only view over Canonical Production reports; it must not own authoritative transaction rows."
reports,reports_production_machine_utilization,"استغلال الماكينات","Machine Utilization","/admin/reports/production/machine-utilization [admin.reports.production.machine-utilization.index]",UI_SHELL_ONLY_EMPTY_DATASET,HISTORY_OR_INQUIRY,"Canonical Production reports",true,false,P1,"Derived read-only view over Canonical Production reports; it must not own authoritative transaction rows."
reports,reports_production_downtime,التوقفات,Downtime,"/admin/reports/production/downtime [admin.reports.production.downtime.index]",UI_SHELL_ONLY_EMPTY_DATASET,HISTORY_OR_INQUIRY,"Canonical Production reports",true,false,P1,"Derived read-only view over Canonical Production reports; it must not own authoritative transaction rows."
reports,reports_production_scrap_and_waste,"الهالك والفاقد","Scrap and Waste","/admin/reports/production/scrap-and-waste [admin.reports.production.scrap-and-waste.index]",UI_SHELL_ONLY_EMPTY_DATASET,HISTORY_OR_INQUIRY,"Canonical Production reports",true,false,P1,"Derived read-only view over Canonical Production reports; it must not own authoritative transaction rows."
reports,reports_production_external_manufacturing,"التصنيع الخارجي","External Manufacturing","/admin/reports/production/external-manufacturing [admin.reports.production.external-manufacturing.index]",UI_SHELL_ONLY_EMPTY_DATASET,HISTORY_OR_INQUIRY,"Canonical Production reports",true,false,P1,"Derived read-only view over Canonical Production reports; it must not own authoritative transaction rows."
reports,reports_quality_inspection_results,"نتائج الفحص","Inspection Results","/admin/reports/quality/inspection-results [admin.reports.quality.inspection-results.index]",UI_SHELL_ONLY_EMPTY_DATASET,HISTORY_OR_INQUIRY,"Canonical Quality reports",true,false,P1,"Derived read-only view over Canonical Quality reports; it must not own authoritative transaction rows."
reports,reports_quality_rejection_report,"تقرير الرفض","Rejection Report","/admin/reports/quality/rejection-report [admin.reports.quality.rejection-report.index]",UI_SHELL_ONLY_EMPTY_DATASET,HISTORY_OR_INQUIRY,"Canonical Quality reports",true,false,P1,"Derived read-only view over Canonical Quality reports; it must not own authoritative transaction rows."
reports,reports_quality_non_conformance,"عدم المطابقة",Non-Conformance,"/admin/reports/quality/non-conformance [admin.reports.quality.non-conformance.index]",UI_SHELL_ONLY_EMPTY_DATASET,HISTORY_OR_INQUIRY,"Canonical Quality reports",true,false,P1,"Derived read-only view over Canonical Quality reports; it must not own authoritative transaction rows."
reports,reports_quality_capa,"الإجراءات التصحيحية والوقائية",CAPA,"/admin/reports/quality/capa [admin.reports.quality.capa.index]",UI_SHELL_ONLY_EMPTY_DATASET,HISTORY_OR_INQUIRY,"Canonical Quality reports",true,false,P1,"Derived read-only view over Canonical Quality reports; it must not own authoritative transaction rows."
reports,reports_quality_supplier_quality,"جودة المورد","Supplier Quality","/admin/reports/quality/supplier-quality [admin.reports.quality.supplier-quality.index]",UI_SHELL_ONLY_EMPTY_DATASET,HISTORY_OR_INQUIRY,"Canonical Quality reports",true,false,P1,"Derived read-only view over Canonical Quality reports; it must not own authoritative transaction rows."
reports,reports_quality_customer_complaints,"شكاوى العملاء","Customer Complaints","/admin/reports/quality/customer-complaints [admin.reports.quality.customer-complaints.index]",UI_SHELL_ONLY_EMPTY_DATASET,HISTORY_OR_INQUIRY,"Canonical Quality reports",true,false,P1,"Derived read-only view over Canonical Quality reports; it must not own authoritative transaction rows."
reports,reports_maintenance_maintenance_requests,"طلبات الصيانة","Maintenance Requests","/admin/reports/maintenance/maintenance-requests [admin.reports.maintenance.maintenance-requests.index]",UI_SHELL_ONLY_EMPTY_DATASET,HISTORY_OR_INQUIRY,"Canonical Maintenance reports",true,false,P2,"Derived read-only view over Canonical Maintenance reports; it must not own authoritative transaction rows."
reports,reports_maintenance_maintenance_work_orders,"أوامر عمل الصيانة","Maintenance Work Orders","/admin/reports/maintenance/maintenance-work-orders [admin.reports.maintenance.maintenance-work-orders.index]",UI_SHELL_ONLY_EMPTY_DATASET,HISTORY_OR_INQUIRY,"Canonical Maintenance reports",true,false,P2,"Derived read-only view over Canonical Maintenance reports; it must not own authoritative transaction rows."
reports,reports_maintenance_preventive_maintenance_compliance,"الالتزام بالصيانة الوقائية","Preventive Maintenance Compliance","/admin/reports/maintenance/preventive-maintenance-compliance [admin.reports.maintenance.preventive-maintenance-compliance.index]",UI_SHELL_ONLY_EMPTY_DATASET,HISTORY_OR_INQUIRY,"Canonical Maintenance reports",true,false,P2,"Derived read-only view over Canonical Maintenance reports; it must not own authoritative transaction rows."
reports,reports_maintenance_breakdown_history,"سجل الأعطال","Breakdown History","/admin/reports/maintenance/breakdown-history [admin.reports.maintenance.breakdown-history.index]",UI_SHELL_ONLY_EMPTY_DATASET,HISTORY_OR_INQUIRY,"Canonical Maintenance reports",true,false,P2,"Derived read-only view over Canonical Maintenance reports; it must not own authoritative transaction rows."
reports,reports_maintenance_machine_downtime,"توقف الماكينات","Machine Downtime","/admin/reports/maintenance/machine-downtime [admin.reports.maintenance.machine-downtime.index]",UI_SHELL_ONLY_EMPTY_DATASET,HISTORY_OR_INQUIRY,"Canonical Maintenance reports",true,false,P2,"Derived read-only view over Canonical Maintenance reports; it must not own authoritative transaction rows."
reports,reports_maintenance_spare_parts_usage,"استخدام قطع الغيار","Spare Parts Usage","/admin/reports/maintenance/spare-parts-usage [admin.reports.maintenance.spare-parts-usage.index]",UI_SHELL_ONLY_EMPTY_DATASET,HISTORY_OR_INQUIRY,"Canonical Maintenance reports",true,false,P2,"Derived read-only view over Canonical Maintenance reports; it must not own authoritative transaction rows."
reports,reports_costing_product_cost,"تكلفة المنتج","Product Cost","/admin/reports/costing/product-cost [admin.reports.costing.product-cost.index]",UI_SHELL_ONLY_EMPTY_DATASET,HISTORY_OR_INQUIRY,"Canonical Costing reports",true,false,P2,"Derived read-only view over Canonical Costing reports; it must not own authoritative transaction rows."
reports,reports_costing_work_order_cost,"تكلفة أمر التشغيل","Work Order Cost","/admin/reports/costing/work-order-cost [admin.reports.costing.work-order-cost.index]",UI_SHELL_ONLY_EMPTY_DATASET,HISTORY_OR_INQUIRY,"Canonical Costing reports",true,false,P2,"Derived read-only view over Canonical Costing reports; it must not own authoritative transaction rows."
reports,reports_costing_estimated_vs_actual,"التقديري مقابل الفعلي","Estimated vs Actual","/admin/reports/costing/estimated-vs-actual [admin.reports.costing.estimated-vs-actual.index]",UI_SHELL_ONLY_EMPTY_DATASET,HISTORY_OR_INQUIRY,"Canonical Costing reports",true,false,P2,"Derived read-only view over Canonical Costing reports; it must not own authoritative transaction rows."
reports,reports_costing_cost_variance,"انحراف التكلفة","Cost Variance","/admin/reports/costing/cost-variance [admin.reports.costing.cost-variance.index]",UI_SHELL_ONLY_EMPTY_DATASET,HISTORY_OR_INQUIRY,"Canonical Costing reports",true,false,P2,"Derived read-only view over Canonical Costing reports; it must not own authoritative transaction rows."
reports,reports_costing_profitability,الربحية,Profitability,"/admin/reports/costing/profitability [admin.reports.costing.profitability.index]",UI_SHELL_ONLY_EMPTY_DATASET,HISTORY_OR_INQUIRY,"Canonical Costing reports",true,false,P2,"Derived read-only view over Canonical Costing reports; it must not own authoritative transaction rows."
tools,tools_workflow_designer,"مصمم مسارات العمل","Workflow Designer","/admin/tools/workflow-designer [admin.tools.workflow-designer.index]",UI_SHELL_ONLY_EMPTY_DATASET,FUTURE_BACKLOG,"Workflow / approval configuration",false,true,P2,"Plausible ERP capability, but not confirmed for the immediate Plastic Factory execution path and not implemented beyond shell metadata."
tools,tools_approval_matrix,"مصفوفة الاعتمادات","Approval Matrix","/admin/tools/approval-matrix [admin.tools.approval-matrix.index]",UI_SHELL_ONLY_EMPTY_DATASET,FUTURE_BACKLOG,"Workflow / approval configuration",false,true,P2,"Plausible ERP capability, but not confirmed for the immediate Plastic Factory execution path and not implemented beyond shell metadata."
tools,tools_notification_center_settings,"إعدادات مركز الإشعارات","Notification Center Settings","/admin/tools/notification-center-settings [admin.tools.notification-center-settings.index]",UI_SHELL_ONLY_EMPTY_DATASET,MERGE_INTO_PARENT,"Communication and integration settings",false,false,P2,"Subordinate data for Communication and integration settings; keep it as a tab, repeater, relationship, or child collection instead of a menu CRUD."
tools,tools_email_template_settings,"إعدادات قوالب البريد الإلكتروني","Email Template Settings","/admin/tools/email-template-settings [admin.tools.email-template-settings.index]",UI_SHELL_ONLY_EMPTY_DATASET,MERGE_INTO_PARENT,"Communication and integration settings",false,false,P2,"Subordinate data for Communication and integration settings; keep it as a tab, repeater, relationship, or child collection instead of a menu CRUD."
tools,tools_sms_template_settings,"إعدادات قوالب الرسائل القصيرة","SMS Template Settings","/admin/tools/sms-template-settings [admin.tools.sms-template-settings.index]",UI_SHELL_ONLY_EMPTY_DATASET,MERGE_INTO_PARENT,"Communication and integration settings",false,false,P2,"Subordinate data for Communication and integration settings; keep it as a tab, repeater, relationship, or child collection instead of a menu CRUD."
tools,tools_whatsapp_template_settings,"إعدادات قوالب واتساب","WhatsApp Template Settings","/admin/tools/whatsapp-template-settings [admin.tools.whatsapp-template-settings.index]",UI_SHELL_ONLY_EMPTY_DATASET,MERGE_INTO_PARENT,"Communication and integration settings",false,false,P2,"Subordinate data for Communication and integration settings; keep it as a tab, repeater, relationship, or child collection instead of a menu CRUD."
tools,tools_import_templates,"قوالب الاستيراد","Import Templates","/admin/tools/import-templates [admin.tools.import-templates.index]",UI_SHELL_ONLY_EMPTY_DATASET,MERGE_INTO_PARENT,"Import / Print / Barcode settings",false,false,P2,"Subordinate data for Import / Print / Barcode settings; keep it as a tab, repeater, relationship, or child collection instead of a menu CRUD."
tools,tools_data_import,"استيراد البيانات","Data Import","/admin/tools/data-import [admin.tools.data-import.index]",UI_SHELL_ONLY_EMPTY_DATASET,DUPLICATE,"Existing Excel Import Workflow",false,false,P1,"Responsibility is canonically owned by Existing Excel Import Workflow; a second resource would split traceability and permissions."
tools,tools_data_export,"تصدير البيانات","Data Export","/admin/tools/data-export [admin.tools.data-export.index]",UI_SHELL_ONLY_EMPTY_DATASET,WORKFLOW_ACTION,"Reports / table export actions",false,false,P2,"This changes state or generates a downstream document from Reports / table export actions; persist an audited transition/event, not a standalone CRUD resource."
tools,tools_integration_settings,"إعدادات التكامل","Integration Settings","/admin/tools/integration-settings [admin.tools.integration-settings.index]",UI_SHELL_ONLY_EMPTY_DATASET,MERGE_INTO_PARENT,"Communication and integration settings",false,false,P2,"Subordinate data for Communication and integration settings; keep it as a tab, repeater, relationship, or child collection instead of a menu CRUD."
tools,tools_api_settings,"إعدادات واجهة البرمجة","API Settings","/admin/tools/api-settings [admin.tools.api-settings.index]",UI_SHELL_ONLY_EMPTY_DATASET,MERGE_INTO_PARENT,"Communication and integration settings",false,false,P2,"Subordinate data for Communication and integration settings; keep it as a tab, repeater, relationship, or child collection instead of a menu CRUD."
tools,tools_barcode_settings,"إعدادات الباركود","Barcode Settings","/admin/tools/barcode-settings [admin.tools.barcode-settings.index]",UI_SHELL_ONLY_EMPTY_DATASET,MERGE_INTO_PARENT,"Import / Print / Barcode settings",false,false,P2,"Subordinate data for Import / Print / Barcode settings; keep it as a tab, repeater, relationship, or child collection instead of a menu CRUD."
tools,tools_label_templates,"قوالب الملصقات","Label Templates","/admin/tools/label-templates [admin.tools.label-templates.index]",UI_SHELL_ONLY_EMPTY_DATASET,MERGE_INTO_PARENT,"Import / Print / Barcode settings",false,false,P2,"Subordinate data for Import / Print / Barcode settings; keep it as a tab, repeater, relationship, or child collection instead of a menu CRUD."
tools,tools_print_template_designer,"مصمم قوالب الطباعة","Print Template Designer","/admin/tools/print-template-designer [admin.tools.print-template-designer.index]",UI_SHELL_ONLY_EMPTY_DATASET,MERGE_INTO_PARENT,"Import / Print / Barcode settings",false,false,P2,"Subordinate data for Import / Print / Barcode settings; keep it as a tab, repeater, relationship, or child collection instead of a menu CRUD."
tools,tools_integration_logs,"سجلات التكامل","Integration Logs","/admin/tools/integration-logs [admin.tools.integration-logs.index]",UI_SHELL_ONLY_EMPTY_DATASET,HISTORY_OR_INQUIRY,"System operations inquiry",true,false,P2,"Derived read-only view over System operations inquiry; it must not own authoritative transaction rows."
tools,tools_background_job_monitor,"واجهة مراقبة المهام الخلفية","Background Job Monitor UI","/admin/tools/background-job-monitor [admin.tools.background-job-monitor.index]",UI_SHELL_ONLY_EMPTY_DATASET,HISTORY_OR_INQUIRY,"System operations inquiry",true,false,P2,"Derived read-only view over System operations inquiry; it must not own authoritative transaction rows."
tools,tools_system_health,"واجهة صحة النظام","System Health UI","/admin/tools/system-health [admin.tools.system-health.index]",UI_SHELL_ONLY_EMPTY_DATASET,HISTORY_OR_INQUIRY,"System operations inquiry",true,false,P2,"Derived read-only view over System operations inquiry; it must not own authoritative transaction rows."
tools,tools_backup_settings,"واجهة إعدادات النسخ الاحتياطي","Backup Settings UI","/admin/tools/backup-settings [admin.tools.backup-settings.index]",UI_SHELL_ONLY_EMPTY_DATASET,FUTURE_BACKLOG,"Backup administration",false,true,P2,"Plausible ERP capability, but not confirmed for the immediate Plastic Factory execution path and not implemented beyond shell metadata."
tools,tools_numbering_review,"مراجعة الترقيم","Numbering Review","/admin/tools/numbering-review [admin.tools.numbering-review.index]",UI_SHELL_ONLY_EMPTY_DATASET,HISTORY_OR_INQUIRY,"System operations inquiry",true,false,P2,"Derived read-only view over System operations inquiry; it must not own authoritative transaction rows."
tools,tools_permission_review,"مراجعة الصلاحيات","Permission Review","/admin/tools/permission-review [admin.tools.permission-review.index]",UI_SHELL_ONLY_EMPTY_DATASET,HISTORY_OR_INQUIRY,"System operations inquiry",true,false,P2,"Derived read-only view over System operations inquiry; it must not own authoritative transaction rows."
tools,tools_menu_review,"مراجعة القوائم","Menu Review","/admin/tools/menu-review [admin.tools.menu-review.index]",UI_SHELL_ONLY_EMPTY_DATASET,HISTORY_OR_INQUIRY,"System operations inquiry",true,false,P2,"Derived read-only view over System operations inquiry; it must not own authoritative transaction rows."
